,T_out,P_el
"(0, 0)",,
"(0, 300)",291.75705466779567,0.5803528491866324
"(0, 600)",290.55812737201353,0.5204064724365234
"(0, 900)",289.52624735419005,0.4688124612508785
"(0, 1200)",289.9762475393122,-6.283170511833773e-08
"(0, 1500)",290.4262477330689,-6.570912901430567e-08
"(0, 1800)",290.87624793546007,-6.858655296548524e-08
"(0, 2100)",290.7016636072225,0.20651347708795098
"(0, 2400)",290.5370346640181,0.20329141687488922
"(0, 2700)",290.3817932358769,0.2002530858299527
"(0, 3000)",290.5144022694063,0.10646998104816605
"(0, 3300)",290.642986737007,0.10779088557045963
"(0, 3600)",290.76766875115237,0.10907170151507957
"(0, 3900)",290.8501336384372,0.12296758595576794
"(0, 4200)",290.92983884879806,0.12388357052543376
"(0, 4500)",291.0068425470728,0.12476850890157584
"(0, 4800)",291.08143490415443,0.12555815539607423
"(0, 5100)",291.15350039483906,0.1263858976053456
"(0, 5400)",291.22312460815886,0.12718559937112361
"(0, 5700)",291.29028378048093,0.12799319081619745
"(0, 6000)",291.35516723097794,0.12873865116747005
"(0, 6300)",291.4178520663388,0.12945885114188033
"(0, 6600)",291.4831221900873,0.128607397618096
"(0, 6900)",291.54620733840653,0.12932328302174861
"(0, 7200)",291.6071819494167,0.13001521821059317
"(0, 7500)",291.8229210793454,0.07880854221664453
"(0, 7800)",292.0343343287762,0.08023587731808764
"(0, 8100)",292.24150844179366,0.08163459232018086
"(0, 8400)",291.677220172307,0.33013459896761294
"(0, 8700)",291.15939023580427,0.3153041736035308
"(0, 9000)",290.68419413937346,0.30169476297536685
"(0, 9300)",291.13419384757833,9.884463760441024e-08
"(0, 9600)",291.58419354497016,1.0289409791328759e-07
"(0, 9900)",292.0341932288721,1.06943558100773e-07
"(0, 10200)",292.3624110787506,0.04113900968955601
"(0, 10500)",292.6873279742657,0.04223353223933736
"(0, 10800)",293.00897710015744,0.043317046904981366
"(0, 11100)",293.0445659973574,0.13832727688925975
"(0, 11400)",293.07902774701523,0.1386969675006372
"(0, 11700)",293.11239804738744,0.13905494952038125
"(0, 12000)",293.14537387036506,0.1391840501860581
"(0, 12300)",293.17730696151034,0.13952606242863677
"(0, 12600)",293.2082302931521,0.13985725986751568
"(0, 12900)",293.23794404708036,0.1402540855523578
"(0, 13200)",293.2667177010459,0.14056243211239933
"(0, 13500)",293.29458099844425,0.14086102303569664
"(0, 13800)",293.3216196722166,0.1411314744440655
"(0, 14100)",293.3478029967954,0.14141202393574595
"(0, 14400)",293.3731580305433,0.141683698444005
"(0, 14700)",293.3976949739517,0.14195203224126712
"(0, 15000)",293.4214556794323,0.1422066335464076
"(0, 15300)",293.4444647036429,0.14245318041761698
"(0, 15600)",293.4667501001912,0.14269052467253038
"(0, 15900)",293.48833049461643,0.14292176110634527
"(0, 16200)",293.5092281897747,0.1431456823381884
"(0, 16500)",293.5294636298562,0.14336289829293294
"(0, 16800)",293.54905891680136,0.14357286464188873
"(0, 17100)",293.56803430201256,0.14377618865362457
"(0, 17400)",293.5864097062717,0.14397297869828415
"(0, 17700)",293.6042038005039,0.1441636448662458
"(0, 18000)",293.62143497458214,0.14434827926730565
"(0, 18300)",293.63812095321504,0.14452710008860734
"(0, 18600)",293.6542790670773,0.14470023653567124
"(0, 18900)",293.6699260152924,0.144867895771425
"(0, 19200)",293.6850779911229,0.14503024371088025
"(0, 19500)",293.6997506307389,0.14518746308566208
"(0, 19800)",293.71395909805096,0.14533970878963062
"(0, 20100)",293.7277180712297,0.14548714014354502
"(0, 20400)",293.7410417761449,0.1456299054973451
"(0, 20700)",293.7539439826075,0.14576815443652127
"(0, 21000)",293.7664380264362,0.1459020293077154
"(0, 21300)",293.77853681833216,0.14603166954742933
"(0, 21600)",293.7902528621804,0.14615720858852005
"(0, 21900)",293.80159826587004,0.1462787763154376
"(0, 22200)",293.81258475511993,0.14639649807754762
"(0, 22500)",293.82322368427015,0.1465104956847941
"(0, 22800)",293.8335260485789,0.1466208869140595
"(0, 23100)",293.84350249523726,0.14672778592913166
"(0, 23400)",293.85316333472446,0.14683130316941764
"(0, 23700)",293.86251855131474,0.14693154562830316
"(0, 24000)",293.87157781348924,0.14702861688392713
"(0, 24300)",293.8803504838334,0.1471226172681855
"(0, 24600)",293.88884562875654,0.14721364392522907
"(0, 24900)",293.89707202782756,0.14730179093672863
"(0, 25200)",293.9050381828831,0.14738714939736572
"(0, 25500)",293.9127523267958,0.14746980752568034
"(0, 25800)",293.9202224320018,0.14754985074311053
"(0, 26100)",293.9274562187218,0.1476273617750576
"(0, 26400)",293.934461162948,0.14770242072674147
"(0, 26700)",293.94124450416217,0.14777510517237258
"(0, 27000)",293.947813252826,0.14784549022894639
"(0, 27300)",293.95417419762276,0.14791364863854858
"(0, 27600)",293.9603339124765,0.14797965084089287
"(0, 27900)",293.96629876334254,0.14804356504847566
"(0, 28200)",293.9720749147943,0.1481054573132495
"(0, 28500)",293.97766833637434,0.14816539160431358
"(0, 28800)",293.9830848087839,0.1482234298603773
"(0, 29100)",293.98832992982153,0.1482796320723677
"(0, 29400)",293.9934091202558,0.14833405630510646
"(0, 29700)",293.9983276293395,0.1483867588148008
"(0, 30000)",294.00309054037507,0.14843779403200563
"(0, 30300)",294.0077027756311,0.14848721477497778
"(0, 30600)",294.01216910177027,0.14853507208144603
"(0, 30900)",294.01649413422706,0.14858141555336352
"(0, 31200)",294.02068234329323,0.1486262927967144
"(0, 31500)",294.0247380574078,0.1486697503382081
"(0, 31800)",294.02866546971774,0.14871183255281697
"(0, 32100)",294.0324686374419,0.14875258402441907
"(0, 32400)",294.03615149108583,0.14879204631390275
"(0, 32700)",294.0397178306833,0.14883026221556958
"(0, 33000)",294.04317134831115,0.1488672671382313
"(0, 33300)",294.0465156131179,0.1489031014016898
"(0, 33600)",294.0497541042528,0.1489377945244309
"(0, 33900)",294.05289014498436,0.14897139763615444
"(0, 34200)",294.0559269763543,0.14900393770579812
"(0, 34500)",294.058867651244,0.14903547645195148
"(0, 34800)",294.06171529719705,0.14906598937953286
"(0, 35100)",294.06447285720577,0.14909553702352854
"(0, 35400)",294.06714350105455,0.1491240449871038
"(0, 35700)",294.06972965852214,0.14915175600858724
"(0, 36000)",294.07223400235296,0.14917859038606276
"(0, 36300)",294.07465792462904,0.14920496820416676
"(0, 36600)",294.0770051654082,0.14923011926983007
"(0, 36900)",294.0792781505319,0.14925447467410294
"(0, 37200)",294.0814836879226,0.14927659700246426
"(0, 37500)",294.08361945318126,0.14929948184207978
"(0, 37800)",294.08568765354795,0.1493216427202442
"(0, 38100)",294.0876736397484,0.14934860887457163
"(0, 38400)",294.0895967969603,0.14936921639212963
"(0, 38700)",294.0914591128523,0.1493891719668506
"(0, 39000)",294.0933237217821,0.14938841848776427
"(0, 39300)",294.09512934969035,0.14940776393960697
"(0, 39600)",294.0968778622557,0.14942649745910866
"(0, 39900)",294.0983243981913,0.14952554844225557
"(0, 40200)",294.099725152351,0.14954056447772945
"(0, 40500)",294.1010815736936,0.14955510526695773
"(0, 40800)",294.10309024821254,0.14934115490391636
"(0, 41100)",294.10503544818465,0.14936197455068895
"(0, 41400)",294.1069191794191,0.14938213629214353
"(0, 41700)",293.73328926744915,0.2708607759394329
"(0, 42000)",293.3813570242649,0.2638429882305734
"(0, 42300)",293.0498618880518,0.2572327314623535
"(0, 42600)",293.49972288500317,4.694926955206844e-05
"(0, 42900)",293.9495791344854,4.853135649863341e-05
"(0, 43200)",294.3994306365557,5.0113426749157245e-05
"(900.0, 0)",,
"(900.0, 300)",293.60000031006746,-1.047175657855532e-07
"(900.0, 600)",294.0500006306481,-1.0822112988128446e-07
"(900.0, 900)",294.500000960567,-1.117246940497187e-07
"(900.0, 1200)",294.5323892830816,0.13936032645176658
"(900.0, 1500)",294.56384963992144,0.13966516631621417
"(900.0, 1800)",294.5944086184557,0.13996127213985346
"(900.0, 2100)",294.1485109859157,0.2940035332227786
"(900.0, 2400)",293.7298417064872,0.28521043747654873
"(900.0, 2700)",293.33674051572774,0.27695433515869233
"(900.0, 3000)",293.39987033096065,0.12925853830578135
"(900.0, 3300)",293.46117905475666,0.12985663291541277
"(900.0, 3600)",293.52071921065476,0.13043747433722713
"(900.0, 3900)",293.5103928966439,0.1533830448058729
"(900.0, 4200)",293.50041619181167,0.15326850795234345
"(900.0, 4500)",293.490777259739,0.15315784887506773
"(900.0, 4800)",293.48123567790066,0.1531259280011522
"(900.0, 5100)",293.472017298275,0.15302004337282854
"(900.0, 5400)",293.4631111730262,0.15291774537686179
"(900.0, 5700)",293.4543874198063,0.15285798511498314
"(900.0, 6000)",293.44595924334146,0.152761151338879
"(900.0, 6300)",293.4378166289491,0.15266759846866357
"(900.0, 6600)",293.4356326347559,0.15071565465125922
"(900.0, 6900)",293.43352171993615,0.1506917078872843
"(900.0, 7200)",293.4314814391561,0.15066856241413276
"(900.0, 7500)",293.61270230023825,0.09019325613226156
"(900.0, 7800)",293.79031705122435,0.09138318460065517
"(900.0, 8100)",293.9643974414833,0.09254943465031662
"(900.0, 8400)",293.2563143761786,0.3760105939417492
"(900.0, 8700)",292.60662620403025,0.3573715144511463
"(900.0, 9000)",292.01054138429265,0.34027027601934373
"(900.0, 9300)",292.46054173238286,-1.1770515096489453e-07
"(900.0, 9600)",292.9105420919522,-1.2200775286567383e-07
"(900.0, 9900)",293.36054246586457,-1.2631035490359035e-07
"(900.0, 10200)",293.6754406708261,0.04555541273096762
"(900.0, 10500)",293.98717230413473,0.04660536471126083
"(900.0, 10800)",294.2957691967153,0.04764475848416201
"(900.0, 11100)",294.291145091675,0.15151667968612503
"(900.0, 11400)",294.2866672639784,0.15146870156409972
"(900.0, 11700)",294.28233108633873,0.15142224116543812
"(900.0, 12000)",294.2781499412304,0.15137139228164087
"(900.0, 12300)",294.2741010558227,0.15132801183735714
"(900.0, 12600)",294.2701802464223,0.15128600362111672
"(900.0, 12900)",294.26637718828067,0.15124738158053536
"(900.0, 13200)",294.26269443170014,0.1512079233482728
"(900.0, 13500)",294.25912817119973,0.15116971329228426
"(900.0, 13800)",294.25567627112787,0.15113220378173614
"(900.0, 14100)",294.2523335641141,0.15109638907367906
"(900.0, 14400)",294.24909659608267,0.1510617072829768
"(900.0, 14700)",294.245961598373,0.15102826157590699
"(900.0, 15000)",294.2429257693242,0.15099573481421785
"(900.0, 15300)",294.23998597195686,0.15096423696409395
"(900.0, 15600)",294.2371392812783,0.15093369849879903
"(900.0, 15900)",294.2343826392882,0.15090416303650972
"(900.0, 16200)",294.2317131974978,0.15087556186246684
"(900.0, 16500)",294.22912816730127,0.15084787533445285
"(900.0, 16800)",294.22662490875507,0.15082105469409543
"(900.0, 17100)",294.22420083519546,0.1507950824647242
"(900.0, 17400)",294.2218534498678,0.15076992915715934
"(900.0, 17700)",294.2195803188248,0.15074557417026732
"(900.0, 18000)",294.21737909319853,0.1507219895989157
"(900.0, 18300)",294.21524749625746,0.15069915178248483
"(900.0, 18600)",294.21318332761865,0.15067703567943783
"(900.0, 18900)",294.2111844543385,0.15065561916985099
"(900.0, 19200)",294.2092488115232,0.1506348799336898
"(900.0, 19500)",294.20737439843947,0.15061479692686647
"(900.0, 19800)",294.20555927822153,0.1505953492010487
"(900.0, 20100)",294.2038015751173,0.15057651671137742
"(900.0, 20400)",294.20209947301987,0.15055827989455933
"(900.0, 20700)",294.20045121311557,0.15054061995865553
"(900.0, 21000)",294.19885509226856,0.15052351864173524
"(900.0, 21300)",294.19730946113486,0.15050695830032354
"(900.0, 21600)",294.1958127225856,0.15049092180827803
"(900.0, 21900)",294.1943633300015,0.15047539259843115
"(900.0, 22200)",294.19295978571057,0.15046035461676924
"(900.0, 22500)",294.19160063940427,0.15044579232802502
"(900.0, 22800)",294.1902844866548,0.15043169068373763
"(900.0, 23100)",294.18900996745396,0.15041803511440952
"(900.0, 23400)",294.1877757648177,0.1504048115084774
"(900.0, 23700)",294.1865806034207,0.15039200620200413
"(900.0, 24000)",294.18542324828167,0.15037960596250335
"(900.0, 24300)",294.18430250348405,0.15036759797684734
"(900.0, 24600)",294.18321721094196,0.15035596983688243
"(900.0, 24900)",294.1821662492022,0.15034470952720036
"(900.0, 25200)",294.18114853228667,0.1503338054122307
"(900.0, 25500)",294.1801630085697,0.1503232462245854
"(900.0, 25800)",294.17920865969137,0.15031302105319247
"(900.0, 26100)",294.17828449950537,0.1503031193322291
"(900.0, 26400)",294.1773895730602,0.15029353083004976
"(900.0, 26700)",294.17652295561163,0.150284245638707
"(900.0, 27000)",294.17568375166786,0.15027525416362655
"(900.0, 27300)",294.174871094064,0.15026654711377252
"(900.0, 27600)",294.1740841430659,0.15025811549194676
"(900.0, 27900)",294.17332208550266,0.15024995058561874
"(900.0, 28200)",294.1725841339262,0.15024204395777696
"(900.0, 28500)",294.1718695257976,0.15023438743848985
"(900.0, 28800)",294.171177522699,0.1502269731160674
"(900.0, 29100)",294.17050740956984,0.15021979332939847
"(900.0, 29400)",294.1698584939711,0.1502128406589785
"(900.0, 29700)",294.16923010536607,0.150206107920739
"(900.0, 30000)",294.168621594432,0.15019958815668008
"(900.0, 30300)",294.1680323323805,0.15019327463171234
"(900.0, 30600)",294.16746171031605,0.15018716082098615
"(900.0, 30900)",294.1669091385939,0.15018124041046682
"(900.0, 31200)",294.16637404624237,0.15017550727541595
"(900.0, 31500)",294.1658558803406,0.1501699554952706
"(900.0, 31800)",294.1653541054979,0.15016457932030355
"(900.0, 32100)",294.1648682031802,0.15015937322157877
"(900.0, 32400)",294.16439767129555,0.150154331806144
"(900.0, 32700)",294.1639420234871,0.15014944991302695
"(900.0, 33000)",294.1635007890781,0.15014472239926369
"(900.0, 33300)",294.1630735121328,0.15014014442982493
"(900.0, 33600)",294.1626597516893,0.15013571109346374
"(900.0, 33900)",294.16225907963195,0.15013141817653627
"(900.0, 34200)",294.1618710819391,0.150127261056436
"(900.0, 34500)",294.1614953556275,0.15012323611254547
"(900.0, 34800)",294.1611315145774,0.15011933781372128
"(900.0, 35100)",294.16077918282525,0.15011556282886238
"(900.0, 35400)",294.16043800398484,0.15011190473674496
"(900.0, 35700)",294.1601076175738,0.15010836488071405
"(900.0, 36000)",294.1597876821978,0.15010493700011016
"(900.0, 36300)",294.1594778385537,0.15010162696885174
"(900.0, 36600)",294.15917779612084,0.15009841222681353
"(900.0, 36900)",294.1588872448597,0.1500952991759556
"(900.0, 37200)",294.1586059915838,0.15009224948957917
"(900.0, 37500)",294.1583336351246,0.15008933138383462
"(900.0, 37800)",294.1580698940513,0.15008650558582123
"(900.0, 38100)",294.15781409384005,0.15008390102657318
"(900.0, 38400)",294.15756638530206,0.15008124700336473
"(900.0, 38700)",294.15732651247527,0.15007867693430477
"(900.0, 39000)",294.15709569745263,0.15007570602967177
"(900.0, 39300)",294.1568721837284,0.1500733112448649
"(900.0, 39600)",294.1566557403429,0.15007099221352524
"(900.0, 39900)",294.1564402171727,0.15007069037270593
"(900.0, 40200)",294.15623151166824,0.15006845421714832
"(900.0, 40500)",294.15602940816575,0.15006628879812117
"(900.0, 40800)",294.15585058772393,0.15005865212308403
"(900.0, 41100)",294.1556774237145,0.1500567968442717
"(900.0, 41400)",294.155509737214,0.15005500025147708
"(900.0, 41700)",293.7788793192046,0.27183045699780056
"(900.0, 42000)",293.4241254631653,0.2647548273330032
"(900.0, 42300)",293.0899770893654,0.2580901777291964
"(900.0, 42600)",293.5399742558303,9.570131810408992e-07
"(900.0, 42900)",293.98997132578404,9.891755376778458e-07
"(900.0, 43200)",294.43996829922696,1.02133788741693e-06
"(1800.0, 0)",,
"(1800.0, 300)",293.2472659320402,0.11799880141859326
"(1800.0, 600)",293.341937029865,0.11885173333051037
"(1800.0, 900)",293.43408248207146,0.11968191063415265
"(1800.0, 1200)",293.4591507302698,0.14177698778883888
"(1800.0, 1500)",293.48343049441195,0.14203563027430371
"(1800.0, 1800)",293.5069465750788,0.14228613754926944
"(1800.0, 2100)",293.1408757367411,0.2682880518975523
"(1800.0, 2400)",292.7967987813477,0.26118216173771874
"(1800.0, 2700)",292.47339373193284,0.25450318855379733
"(1800.0, 3000)",292.55638032438793,0.122729444723643
"(1800.0, 3300)",292.63693869438265,0.12352636403119038
"(1800.0, 3600)",292.7151406505461,0.124299972642671
"(1800.0, 3900)",292.73193835267455,0.14449687167064904
"(1800.0, 4200)",292.74816715270396,0.14468325080949895
"(1800.0, 4500)",292.7638463181268,0.14486331768715294
"(1800.0, 4800)",292.77893150784814,0.14505792390363026
"(1800.0, 5100)",292.79350572062674,0.14522532563883414
"(1800.0, 5400)",292.80758626465934,0.14538705701599244
"(1800.0, 5700)",292.8210727494835,0.1455816984183209
"(1800.0, 6000)",292.83410228731805,0.14573139862800857
"(1800.0, 6300)",292.8466903603706,0.14587602671838562
"(1800.0, 6600)",292.86428614684695,0.14423418504266372
"(1800.0, 6900)",292.88129315458883,0.14442711698342242
"(1800.0, 7200)",292.89773108492636,0.1446135931613714
"(1800.0, 7500)",293.0895830984409,0.08668519895856541
"(1800.0, 7800)",293.277617641032,0.08794488496325281
"(1800.0, 8100)",293.46191062936043,0.08917950544819266
"(1800.0, 8400)",292.7952587662139,0.3627861189413436
"(1800.0, 8700)",292.183609768112,0.345238216579024
"(1800.0, 9000)",291.62240251308873,0.32913746247539194
"(1800.0, 9300)",292.07240284861683,-1.1399402704556141e-07
"(1800.0, 9600)",292.52240319848204,-1.1829662885363555e-07
"(1800.0, 9900)",292.9724035612581,-1.225992307851552e-07
"(1800.0, 10200)",293.291200987053,0.04426253616376246
"(1800.0, 10500)",293.6067925753773,0.045325519988828694
"(1800.0, 10800)",293.9192105298418,0.046377814297493124
"(1800.0, 11100)",293.9264979006289,0.1476097846056434
"(1800.0, 11400)",293.93355474500726,0.14768539593199076
"(1800.0, 11700)",293.9403883553775,0.14775861539328602
"(1800.0, 12000)",293.94702332704145,0.14782376631931018
"(1800.0, 12300)",293.9534484183862,0.14789260589281863
"(1800.0, 12600)",293.9596702684376,0.14795926790289657
"(1800.0, 12900)",293.96568914602216,0.14802584219085438
"(1800.0, 13200)",293.971517629203,0.14808829047862423
"(1800.0, 13500)",293.977161740702,0.14814876334749416
"(1800.0, 13800)",293.98262883780563,0.14820682296676077
"(1800.0, 14100)",293.9879229955016,0.14826354611762438
"(1800.0, 14400)",293.99304968434194,0.14831847495828648
"(1800.0, 14700)",293.9980137839249,0.14837180334347352
"(1800.0, 15000)",294.002820855156,0.14842330775692153
"(1800.0, 15300)",294.0074758652812,0.14847318294174147
"(1800.0, 15600)",294.0119837357819,0.1485214439023583
"(1800.0, 15900)",294.01634900976825,0.1485682147547732
"(1800.0, 16200)",294.0205761979654,0.14861350611470076
"(1800.0, 16500)",294.024669638518,0.14865737458927317
"(1800.0, 16800)",294.0286335921223,0.14869984557785568
"(1800.0, 17100)",294.03247215481184,0.14874097309054637
"(1800.0, 17400)",294.0361893010598,0.14878079699823893
"(1800.0, 17700)",294.0397888636004,0.14881936379090077
"(1800.0, 18000)",294.04327456193465,0.14885671060830516
"(1800.0, 18300)",294.04664999575886,0.14889287674571589
"(1800.0, 18600)",294.04991865519304,0.14892789814341992
"(1800.0, 18900)",294.05308391780864,0.14896181171659342
"(1800.0, 19200)",294.0561490549111,0.14899465232017056
"(1800.0, 19500)",294.05911723317445,0.14902645427243152
"(1800.0, 19800)",294.06199151967746,0.14905725024020763
"(1800.0, 20100)",294.06477488432444,0.14908707209613967
"(1800.0, 20400)",294.0674702033812,0.14911595055302387
"(1800.0, 20700)",294.0700802619758,0.14914391550374065
"(1800.0, 21000)",294.0726077571757,0.14917099583149668
"(1800.0, 21300)",294.07505530065,0.14919721954646187
"(1800.0, 21600)",294.07742542149504,0.14922261373215326
"(1800.0, 21900)",294.07972056879356,0.1492472046325139
"(1800.0, 22200)",294.081943114179,0.149271017650464
"(1800.0, 22500)",294.0840953542525,0.1492940773962123
"(1800.0, 22800)",294.0861795129701,0.14931640769689267
"(1800.0, 23100)",294.0881977439322,0.1493380316288231
"(1800.0, 23400)",294.09015213261756,0.14935897153545047
"(1800.0, 23700)",294.09204469853495,0.14937924905466884
"(1800.0, 24000)",294.09387739731164,0.14939888513911126
"(1800.0, 24300)",294.0956521227123,0.14941790007941294
"(1800.0, 24600)",294.09737070859677,0.14943631352403924
"(1800.0, 24900)",294.0990349308145,0.14945414450009223
"(1800.0, 25200)",294.10064650903996,0.14947141143262058
"(1800.0, 25500)",294.10220710854946,0.14948813216390264
"(1800.0, 25800)",294.1037183419418,0.1495043239717893
"(1800.0, 26100)",294.1051817708055,0.14952000358761477
"(1800.0, 26400)",294.10659890733075,0.14953518721343606
"(1800.0, 26700)",294.1079712158737,0.14954989053881237
"(1800.0, 27000)",294.1093001144684,0.14956412875698152
"(1800.0, 27300)",294.11058697629244,0.14957791658059286
"(1800.0, 27600)",294.1118331310864,0.14959126825686156
"(1800.0, 27900)",294.1130398665271,0.14960419758235388
"(1800.0, 28200)",294.114208429559,0.14961671791715153
"(1800.0, 28500)",294.1153400276816,0.1496288421988787
"(1800.0, 28800)",294.1164358301982,0.14964058295574606
"(1800.0, 29100)",294.117496969423,0.14965195231996442
"(1800.0, 29400)",294.1185245418531,0.14966296203921953
"(1800.0, 29700)",294.1195196093002,0.14967362349033447
"(1800.0, 30000)",294.12048319999036,0.14968394768907206
"(1800.0, 30300)",294.1214163096181,0.14969394530552657
"(1800.0, 30600)",294.12231990238485,0.14970362666947717
"(1800.0, 30900)",294.12319491198053,0.14971300178834065
"(1800.0, 31200)",294.12404224258114,0.1497220803425669
"(1800.0, 31500)",294.1248627697507,0.1497308717167927
"(1800.0, 31800)",294.12565734139605,0.14973938498235154
"(1800.0, 32100)",294.126426778523,0.1497476289625354
"(1800.0, 32400)",294.1271718762069,0.14975561216262429
"(1800.0, 32700)",294.12789340422427,0.14976334288028903
"(1800.0, 33000)",294.1285921082971,0.14977082900531596
"(1800.0, 33300)",294.12926871041077,0.14977807832332138
"(1800.0, 33600)",294.1299239102636,0.1497850981441271
"(1800.0, 33900)",294.1305583843168,0.14979189608944823
"(1800.0, 34200)",294.1311727881855,0.1497984789967914
"(1800.0, 34500)",294.1317677546838,0.14980485434465063
"(1800.0, 34800)",294.1323439007316,0.14981102734625482
"(1800.0, 35100)",294.1329018216722,0.14981700507859227
"(1800.0, 35400)",294.1334421017165,0.1498227911930367
"(1800.0, 35700)",294.1339652911958,0.1498283968019802
"(1800.0, 36000)",294.1344719307321,0.149833825089873
"(1800.0, 36300)",294.13496251507667,0.1498390911024494
"(1800.0, 36600)",294.1354375808687,0.14984418110011077
"(1800.0, 36900)",294.1358976190032,0.14984911008693352
"(1800.0, 37200)",294.1363432121404,0.14985384796406281
"(1800.0, 37500)",294.13677470992593,0.14985847115988835
"(1800.0, 37800)",294.1371925582351,0.1498629481111569
"(1800.0, 38100)",294.1375967858651,0.14986741561906214
"(1800.0, 38400)",294.13798822663813,0.14987160963594146
"(1800.0, 38700)",294.13836728503867,0.14987567098427257
"(1800.0, 39000)",294.1387358265864,0.1498791204460654
"(1800.0, 39300)",294.1390927101668,0.14988294419381357
"(1800.0, 39600)",294.1394383045526,0.14988664698606213
"(1800.0, 39900)",294.13976702542635,0.14989218142655014
"(1800.0, 40200)",294.1400853478311,0.1498955920651653
"(1800.0, 40500)",294.1403936007026,0.14989889481461538
"(1800.0, 40800)",294.14070906765943,0.14989652857148406
"(1800.0, 41100)",294.1410145557862,0.1498998015728385
"(1800.0, 41400)",294.14131038073305,0.14990297104283268
"(1800.0, 41700)",293.7655064158667,0.2715631418748234
"(1800.0, 42000)",293.41153101999873,0.2645030540813747
"(1800.0, 42300)",293.07811582974034,0.25785304240719603
"(1800.0, 42600)",293.5281129987483,9.56165707857697e-07
"(1800.0, 42900)",293.978110071245,9.883280740597174e-07
"(1800.0, 43200)",294.4281070472309,1.0204904333638747e-06
"(2700.0, 0)",,
"(2700.0, 300)",293.1490814748827,0.15030088428400576
"(2700.0, 600)",293.1481942657734,0.15029062599660795
"(2700.0, 900)",293.1473373049904,0.15028071745316762
"(2700.0, 1200)",293.21149762089345,0.12892377705816735
"(2700.0, 1500)",293.2737856167927,0.12953859198443313
"(2700.0, 1800)",293.3342559211879,0.13013546534985926
"(2700.0, 2100)",292.96781229330253,0.26835747862027387
"(2700.0, 2400)",292.6236783077872,0.2611525885386269
"(2700.0, 2700)",292.3004954975819,0.25438633840985647
"(2700.0, 3000)",292.39253094017124,0.11975397565185192
"(2700.0, 3300)",292.48190365058906,0.12062820153207301
"(2700.0, 3600)",292.5686905881974,0.12147713390267799
"(2700.0, 3900)",292.5905656892603,0.1428334201982602
"(2700.0, 4200)",292.61170013080175,0.14307607030314662
"(2700.0, 4500)",292.6321189904898,0.14331050462379025
"(2700.0, 4800)",292.6516634241041,0.1435970266767591
"(2700.0, 5100)",292.67054582970883,0.14381391439876576
"(2700.0, 5400)",292.68878863215883,0.14402345548951545
"(2700.0, 5700)",292.70630026515954,0.14426302131353289
"(2700.0, 6000)",292.72321857181333,0.14445740070729085
"(2700.0, 6300)",292.73956365510855,0.14464519416953647
"(2700.0, 6600)",292.7607440389533,0.14305957854713441
"(2700.0, 6900)",292.78121569859275,0.14329181440816946
"(2700.0, 7200)",292.8010023488945,0.14351627934412273
"(2700.0, 7500)",292.9947790677657,0.08605008515635497
"(2700.0, 7800)",293.1847000247918,0.08732240867697393
"(2700.0, 8100)",293.37084190906455,0.08856941533301126
"(2700.0, 8400)",292.71170041470674,0.36038887182615403
"(2700.0, 8700)",292.10694234652556,0.34303866678031397
"(2700.0, 9000)",291.55205770961993,0.32711930541312373
"(2700.0, 9300)",292.0020580431305,-1.133214371523202e-07
"(2700.0, 9600)",292.4520583909772,-1.1762403894109547e-07
"(2700.0, 9900)",292.902058751735,-1.2192664085331732e-07
"(2700.0, 10200)",293.2215635731989,0.04402798160880159
"(2700.0, 10500)",293.5378554121836,0.04509332403641943
"(2700.0, 10800)",293.85096660954434,0.04614795334390109
"(2700.0, 11100)",293.8604127871658,0.1469017084723355
"(2700.0, 11400)",293.86956014735824,0.14699971885766464
"(2700.0, 11700)",293.8784181428188,0.14709462881311228
"(2700.0, 12000)",293.88701338329065,0.14718080908920841
"(2700.0, 12300)",293.8953367353649,0.14726998696641055
"(2700.0, 12600)",293.90339679953394,0.14735634393008332
"(2700.0, 12900)",293.9111957687423,0.14744198220526417
"(2700.0, 13200)",293.9187480341303,0.1475228996631404
"(2700.0, 13500)",293.92606139964926,0.14760125746916486
"(2700.0, 13800)",293.93314494192305,0.14767663806245068
"(2700.0, 14100)",293.94000441215604,0.14775013242873403
"(2700.0, 14400)",293.94664689836725,0.14782130196487261
"(2700.0, 14700)",293.95307884783455,0.14789035686277965
"(2700.0, 15000)",293.95930733675334,0.14795709077476235
"(2700.0, 15300)",293.9653388011498,0.1480217137064891
"(2700.0, 15600)",293.9711795844908,0.14808425600901282
"(2700.0, 15900)",293.97683560756735,0.14814485633361857
"(2700.0, 16200)",293.9823127148618,0.14820353970096997
"(2700.0, 16500)",293.9876165361662,0.14826037653025279
"(2700.0, 16800)",293.99275258280124,0.14831540567533727
"(2700.0, 17100)",293.9977261619482,0.1483686940949945
"(2700.0, 17400)",294.0025424208955,0.14842029423259642
"(2700.0, 17700)",294.00720632813443,0.14847026473358058
"(2700.0, 18000)",294.01172270297457,0.14851865452819507
"(2700.0, 18300)",294.01609621013597,0.14856551432108883
"(2700.0, 18600)",294.0203313710624,0.14861089110571105
"(2700.0, 18900)",294.0244325620317,0.14865483249602313
"(2700.0, 19200)",294.0284040214611,0.14869738370926205
"(2700.0, 19500)",294.03224985254747,0.14873858909713283
"(2700.0, 19800)",294.0359740292658,0.14877849104361274
"(2700.0, 20100)",294.0395803997294,0.14881713083065573
"(2700.0, 20400)",294.0430726906325,0.14885454828296735
"(2700.0, 20700)",294.04645451063016,0.1488907821168592
"(2700.0, 21000)",294.0497293542664,0.14892586975996913
"(2700.0, 21300)",294.05290060546093,0.14895984749653715
"(2700.0, 21600)",294.05597154113167,0.1489927504224923
"(2700.0, 21900)",294.0589453345273,0.14902461254070884
"(2700.0, 22200)",294.0618250585403,0.1490554667676067
"(2700.0, 22500)",294.06461368884766,0.14908534498921705
"(2700.0, 22800)",294.0673141070006,0.14911427807834315
"(2700.0, 23100)",294.06992910339227,0.14914229593409667
"(2700.0, 23400)",294.07246138015176,0.14916942750689718
"(2700.0, 23700)",294.07491355393097,0.1491957008326149
"(2700.0, 24000)",294.07728815861117,0.14922114305946219
"(2700.0, 24300)",294.0795876479196,0.14924578047768336
"(2700.0, 24600)",294.0818143979655,0.1492696385455394
"(2700.0, 24900)",294.0839707096943,0.1492927419162247
"(2700.0, 25200)",294.0860588112666,0.14931511446283185
"(2700.0, 25500)",294.0880808603597,0.14933677930338704
"(2700.0, 25800)",294.0900389463981,0.14935775882456342
"(2700.0, 26100)",294.09193509271137,0.1493780747049454
"(2700.0, 26400)",294.093771258626,0.1493977479373501
"(2700.0, 26700)",294.09554934148974,0.14941679885051765
"(2700.0, 27000)",294.09727117863116,0.14943524713014558
"(2700.0, 27300)",294.09893854925934,0.14945311183921944
"(2700.0, 27600)",294.10055317630224,0.1494704114376915
"(2700.0, 27900)",294.1021167281865,0.1494871638015941
"(2700.0, 28200)",294.1036308205621,0.14950338624142648
"(2700.0, 28500)",294.10509701797116,0.14951909552027817
"(2700.0, 28800)",294.1065168354652,0.1495343078708073
"(2700.0, 29100)",294.10789174016963,0.14954903901249808
"(2700.0, 29400)",294.109223152802,0.14956330416682048
"(2700.0, 29700)",294.1105124491376,0.14957711807450785
"(2700.0, 30000)",294.1117609614358,0.14959049500881297
"(2700.0, 30300)",294.1129699798061,0.14960344879429827
"(2700.0, 30600)",294.11414075355196,0.149615992815405
"(2700.0, 30900)",294.1152744924471,0.1496281400375962
"(2700.0, 31200)",294.1163723680175,0.14963990300578436
"(2700.0, 31500)",294.1174355147203,0.14965129387846726
"(2700.0, 31800)",294.1184650311661,0.14966232441308364
"(2700.0, 32100)",294.119461981134,0.1496730060340918
"(2700.0, 32400)",294.12042739479267,0.14968334976562228
"(2700.0, 32700)",294.121362269576,0.14969336634452501
"(2700.0, 33000)",294.1222675716614,0.14970306602263106
"(2700.0, 33300)",294.1231442365158,0.14971245887285367
"(2700.0, 33600)",294.1239931705664,0.149721554420056
"(2700.0, 33900)",294.1248152504642,0.14973036243066942
"(2700.0, 34200)",294.1256113256812,0.1497388918193319
"(2700.0, 34500)",294.1263822167568,0.14974715207561234
"(2700.0, 34800)",294.1271287223967,0.14975515036099468
"(2700.0, 35100)",294.1278516139801,0.1497628956382918
"(2700.0, 35400)",294.1285516461828,0.14977039338620388
"(2700.0, 35700)",294.12922953441404,0.1497776564839569
"(2700.0, 36000)",294.12988597914904,0.14978468982966373
"(2700.0, 36300)",294.13052162994524,0.1497915101245843
"(2700.0, 36600)",294.1311371733321,0.14979810524141243
"(2700.0, 36900)",294.1317332453632,0.14980449173628274
"(2700.0, 37200)",294.1323105692335,0.14981064102655553
"(2700.0, 37500)",294.1328696307421,0.14981663097811407
"(2700.0, 37800)",294.1334110075788,0.14982243145082808
"(2700.0, 38100)",294.1339348562922,0.1498281805789282
"(2700.0, 38400)",294.1344421341974,0.14983361571048243
"(2700.0, 38700)",294.1349333654758,0.14983887891353898
"(2700.0, 39000)",294.1354105312016,0.1498434923268642
"(2700.0, 39300)",294.1358726028829,0.14984844308853632
"(2700.0, 39600)",294.13632005798513,0.14985323724420518
"(2700.0, 39900)",294.1367474187482,0.1498598281049185
"(2700.0, 40200)",294.1371612607542,0.14986426218026253
"(2700.0, 40500)",294.1375620116434,0.1498685559919381
"(2700.0, 40800)",294.13796704723734,0.14986715055064323
"(2700.0, 41100)",294.1383592707721,0.14987135283560352
"(2700.0, 41400)",294.13873908751805,0.14987542219416305
"(2700.0, 41700)",293.7630844653238,0.27151483573925905
"(2700.0, 42000)",293.4092497479628,0.26445755379791497
"(2700.0, 42300)",293.075967061952,0.2578101849391183
"(2700.0, 42600)",293.52596423142074,9.560121303215816e-07
"(2700.0, 42900)",293.9759613043785,9.88174496556554e-07
"(2700.0, 43200)",294.4259582808253,1.0203368558936553e-06
"(3600.0, 0)",,
"(3600.0, 300)",293.20320496737526,0.13252905878963298
"(3600.0, 600)",293.25481350971484,0.13305303980110628
"(3600.0, 900)",293.3048735210184,0.13356129859253987
"(3600.0, 1200)",293.33400665729545,0.1404436025581501
"(3600.0, 1500)",293.36222345634707,0.14074418408958284
"(3600.0, 1800)",293.38955274012704,0.14103531129917585
"(3600.0, 2100)",293.0305346150262,0.2660094327567674
"(3600.0, 2400)",292.6930865692176,0.25904043916035896
"(3600.0, 2700)",292.37591201697984,0.252490134747744
"(3600.0, 3000)",292.4617506407942,0.12179327241764266
"(3600.0, 3300)",292.54507801926235,0.12261758363070398
"(3600.0, 3600)",292.6259675668484,0.12341777874448732
"(3600.0, 3900)",292.64578537663806,0.1435074482404626
"(3600.0, 4200)",292.66493199977845,0.14372733702267843
"(3600.0, 4500)",292.68343016791965,0.14393977864415752
"(3600.0, 4800)",292.70123927369076,0.1441655386804691
"(3600.0, 5100)",292.71844513597586,0.14436316796238272
"(3600.0, 5400)",292.73506818829424,0.14455410299594673
"(3600.0, 5700)",292.7510117224884,0.14477674551414024
"(3600.0, 6000)",292.7664150603308,0.144953719012142
"(3600.0, 6300)",292.7812965046707,0.14512469632154532
"(3600.0, 6600)",292.80108045444507,0.1435171642562414
"(3600.0, 6900)",292.8202024065865,0.14373408868070134
"(3600.0, 7200)",292.83868451242796,0.14394375452144953
"(3600.0, 7500)",293.0317114313891,0.08629750392932338
"(3600.0, 7800)",293.2208975083624,0.08756490432933532
"(3600.0, 8100)",293.4063191253787,0.08880708575905251
"(3600.0, 8400)",292.7442518546026,0.36132275591144786
"(3600.0, 8700)",292.1368093197257,0.3438955348828848
"(3600.0, 9000)",291.57946161099653,0.3279055092391339
"(3600.0, 9300)",292.02946194529284,-1.1358345490192407e-07
"(3600.0, 9600)",292.47946229392613,-1.1788605669821919e-07
"(3600.0, 9900)",292.92946265403833,-1.221886586042682e-07
"(3600.0, 10200)",293.24869189870867,0.044119355942851594
"(3600.0, 10500)",293.56471093117085,0.045183779496419545
"(3600.0, 10800)",293.8775520652985,0.046237499169870605
"(3600.0, 11100)",293.8861572469261,0.14717755028551058
"(3600.0, 11400)",293.8944902149288,0.14726683477717686
"(3600.0, 11700)",293.90255958042775,0.14735329487115695
"(3600.0, 12000)",293.91039116840966,0.14743128284449927
"(3600.0, 12300)",293.91797502418274,0.14751253762656594
"(3600.0, 12600)",293.92531898412034,0.14759122212190595
"(3600.0, 12900)",293.9324244915978,0.14766943373128866
"(3600.0, 13200)",293.9393052314432,0.14774315624340933
"(3600.0, 13500)",293.9459683137032,0.1478145467004969
"(3600.0, 13800)",293.9524221452076,0.14788317964525283
"(3600.0, 14100)",293.95867182416544,0.1479501405298224
"(3600.0, 14400)",293.9647238084863,0.14801498325634682
"(3600.0, 14700)",293.9705839347351,0.14807791165234496
"(3600.0, 15000)",293.9762586888028,0.1481387126818423
"(3600.0, 15300)",293.9817539345301,0.14819759040474934
"(3600.0, 15600)",293.9870754614277,0.1482545691936093
"(3600.0, 15900)",293.9922286535902,0.14830978203725872
"(3600.0, 16200)",293.9972188359144,0.14836324834469725
"(3600.0, 16500)",294.00205113501164,0.14841503315441062
"(3600.0, 16800)",294.00673057500285,0.14846517007887583
"(3600.0, 17100)",294.0112619912483,0.14851372103250365
"(3600.0, 17400)",294.01565007414837,0.14856073356087726
"(3600.0, 17700)",294.01989934974307,0.14860626157406634
"(3600.0, 18000)",294.02401420889476,0.14865034940916974
"(3600.0, 18300)",294.02799890142717,0.14869304332612313
"(3600.0, 18600)",294.03185754701656,0.1487343860124766
"(3600.0, 18900)",294.03559413287917,0.14877442091430237
"(3600.0, 19200)",294.03921252067926,0.14881318921205983
"(3600.0, 19500)",294.0427164487771,0.14885073134875293
"(3600.0, 19800)",294.0461095378526,0.14888708592291264
"(3600.0, 20100)",294.0493952938992,0.1489222905509454
"(3600.0, 20400)",294.0525771123138,0.14895638150788434
"(3600.0, 20700)",294.0556582809341,0.14898939407273284
"(3600.0, 21000)",294.05864198363497,0.14902136234450633
"(3600.0, 21300)",294.0615313034942,0.14905231938417837
"(3600.0, 21600)",294.0643292261044,0.14908229716630908
"(3600.0, 21900)",294.0670386426044,0.1491113266711637
"(3600.0, 22200)",294.06966235270085,0.14913943788816336
"(3600.0, 22500)",294.0722030675262,0.14916665986893274
"(3600.0, 22800)",294.0746634124552,0.14919302074152457
"(3600.0, 23100)",294.0770459298093,0.14921854774713222
"(3600.0, 23400)",294.0793530814916,0.14924326726232598
"(3600.0, 23700)",294.0815872515279,0.14926720483054504
"(3600.0, 24000)",294.0837507485321,0.14929038518642648
"(3600.0, 24300)",294.0858458080894,0.1493128322829724
"(3600.0, 24600)",294.0878745950674,0.1493345693151643
"(3600.0, 24900)",294.08983920585234,0.14935561874443343
"(3600.0, 25200)",294.0917416705166,0.1493760023215227
"(3600.0, 25500)",294.0935839549152,0.14939574110920317
"(3600.0, 25800)",294.0953679627177,0.14941485550394287
"(3600.0, 26100)",294.09709553737565,0.14943336525704354
"(3600.0, 26400)",294.0987684640269,0.14945128949500333
"(3600.0, 26700)",294.10038847134024,0.14946864673930732
"(3600.0, 27000)",294.10195723330213,0.14948545492554366
"(3600.0, 27300)",294.1034763709459,0.14950173142196233
"(3600.0, 27600)",294.1049474540271,0.14951749304737166
"(3600.0, 27900)",294.10637200264597,0.14953275608859184
"(3600.0, 28200)",294.10775148881737,0.14954753631717477
"(3600.0, 28500)",294.109087337992,0.1495618490059429
"(3600.0, 28800)",294.1103809305299,0.14957570894442962
"(3600.0, 29100)",294.1116336031256,0.1495891304546376
"(3600.0, 29400)",294.1128466501919,0.14960212740478035
"(3600.0, 29700)",294.11402132519476,0.14961471322512504
"(3600.0, 30000)",294.1151588419525,0.14962690091992326
"(3600.0, 30300)",294.1162603758814,0.14963870308486069
"(3600.0, 30600)",294.1173270652184,0.14965013191438895
"(3600.0, 30900)",294.1183600121849,0.14966119922161844
"(3600.0, 31200)",294.11936028415664,0.14967191643557298
"(3600.0, 31500)",294.12032891473496,0.14968229463414592
"(3600.0, 31800)",294.1212669048648,0.14969234452837255
"(3600.0, 32100)",294.1221752237497,0.14970207652937087
"(3600.0, 32400)",294.123054809974,0.14971150068002437
"(3600.0, 32700)",294.12390657228394,0.14972062676695078
"(3600.0, 33000)",294.12473139097534,0.1497294641218319
"(3600.0, 33300)",294.1255301183503,0.14973802192652058
"(3600.0, 33600)",294.1263035803013,0.14974630884297002
"(3600.0, 33900)",294.12705257549277,0.1497543338021174
"(3600.0, 34200)",294.12777787787655,0.14976210490941647
"(3600.0, 34500)",294.12848023486094,0.14976963087099204
"(3600.0, 34800)",294.12916037433405,0.14977691808935312
"(3600.0, 35100)",294.1298189990977,0.14978397479266284
"(3600.0, 35400)",294.1304567974205,0.1497908057477558
"(3600.0, 35700)",294.1310744204031,0.14979742314556674
"(3600.0, 36000)",294.1316725062477,0.1498038312166234
"(3600.0, 36300)",294.132251644204,0.14981004601725775
"(3600.0, 36600)",294.13281246240996,0.14981605479205135
"(3600.0, 36900)",294.13335554037025,0.14982187349252232
"(3600.0, 37200)",294.1338815465324,0.14982747294536286
"(3600.0, 37500)",294.13439091365507,0.1498329304564652
"(3600.0, 37800)",294.13488416807746,0.1498382153312963
"(3600.0, 38100)",294.1353614165808,0.14984346518477962
"(3600.0, 38400)",294.1358235683717,0.14984841682126018
"(3600.0, 38700)",294.1362711010016,0.14985321182355224
"(3600.0, 39000)",294.13670595052906,0.14985737180188008
"(3600.0, 39300)",294.1371270445878,0.14986188351815943
"(3600.0, 39600)",294.1375348183009,0.1498662525166314
"(3600.0, 39900)",294.1379237523968,0.1498724318328027
"(3600.0, 40200)",294.13830038329104,0.14987646721282258
"(3600.0, 40500)",294.1386651001725,0.14988037494115425
"(3600.0, 40800)",294.1390352429431,0.1498785952049056
"(3600.0, 41100)",294.1393936773824,0.14988243547332158
"(3600.0, 41400)",294.1397407738471,0.14988615426662197
"(3600.0, 41700)",293.76402797294753,0.2715336541281357
"(3600.0, 42000)",293.4101384521388,0.2644752791245164
"(3600.0, 42300)",293.07680414708716,0.2578268807168731
"(3600.0, 42600)",293.5268013163764,9.560719587838354e-07
"(3600.0, 42900)",293.9767983891546,9.882343250059714e-07
"(3600.0, 43200)",294.42679536542187,1.0203966843302366e-06
"(4500.0, 0)",,
"(4500.0, 300)",293.1824778166624,0.13934710442100187
"(4500.0, 600)",293.21393034577636,0.13968340415773672
"(4500.0, 900)",293.24438995449776,0.14000908729618713
"(4500.0, 1200)",293.27542935388965,0.13981829904071186
"(4500.0, 1500)",293.30549246649633,0.140138545575527
"(4500.0, 1800)",293.3346099996095,0.14044871934907446
"(4500.0, 2100)",292.9788907827033,0.26494359779002014
"(4500.0, 2400)",292.6445434524197,0.2580386216625249
"(4500.0, 2700)",292.33028330529214,0.2515484881480776
"(4500.0, 3000)",292.41745756824685,0.12135484353502261
"(4500.0, 3300)",292.50208154418726,0.12219197945356328
"(4500.0, 3600)",292.584229789616,0.1230046244058872
"(4500.0, 3900)",292.6054611837477,0.1430443410811599
"(4500.0, 4200)",292.62597351619087,0.14327991429961207
"(4500.0, 4500)",292.64579114001924,0.14350750915944938
"(4500.0, 4800)",292.6648751857793,0.14374785414558205
"(4500.0, 5100)",292.6833128023264,0.14395963155245664
"(4500.0, 5400)",292.7011258859992,0.14416423547504253
"(4500.0, 5700)",292.71821945260024,0.14439998388319567
"(4500.0, 6000)",292.73473385763634,0.14458972275830423
"(4500.0, 6300)",292.75068872416944,0.14477303293035573
"(4500.0, 6600)",292.77149684878293,0.14318156103670737
"(4500.0, 6900)",292.79160870548793,0.143409715198838
"(4500.0, 7200)",292.8110475923474,0.14363023501504518
"(4500.0, 7500)",293.0046244310139,0.08611604156962668
"(4500.0, 7800)",293.1943494851448,0.08738705269375704
"(4500.0, 8100)",293.3802993619711,0.08863277304977148
"(4500.0, 8400)",292.72037791816234,0.36063782542619605
"(4500.0, 8700)",292.11490422838074,0.3432670895376499
"(4500.0, 9000)",291.5593629891417,0.32732889056240067
"(4500.0, 9300)",292.00936332428694,-1.1339128535559841e-07
"(4500.0, 9600)",292.4593636723434,-1.1769388714637815e-07
"(4500.0, 9900)",292.909364033311,-1.219964890606066e-07
"(4500.0, 10200)",293.2287953920314,0.04405234000974167
"(4500.0, 10500)",293.54501450676577,0.04511743748564105
"(4500.0, 10800)",293.85805371117743,0.046171824304592594
"(4500.0, 11100)",293.867275697642,0.14697524187280941
"(4500.0, 11400)",293.87620595867065,0.14707092612554312
"(4500.0, 11700)",293.8848537226144,0.14716358353254658
"(4500.0, 12000)",293.89324539001757,0.14724757991972467
"(4500.0, 12300)",293.9013716085353,0.14733464567287693
"(4500.0, 12600)",293.9092407749626,0.1474189573241301
"(4500.0, 12900)",293.91685488242524,0.14750261581247165
"(4500.0, 13200)",293.92422813377584,0.14758161525501282
"(4500.0, 13500)",293.93136814798606,0.1476581157180409
"(4500.0, 13800)",293.93828382312745,0.14773169753565943
"(4500.0, 14100)",293.94498073633,0.14780345021847016
"(4500.0, 14400)",293.95146580763924,0.14787293316540073
"(4500.0, 14700)",293.95774532153024,0.1479403548717575
"(4500.0, 15000)",293.96382619683635,0.14800550720689754
"(4500.0, 15300)",293.9697147170515,0.1480685985914806
"(4500.0, 15600)",293.97541707796995,0.14812965778282353
"(4500.0, 15900)",293.98093905731116,0.1481888219227175
"(4500.0, 16200)",293.9862863610474,0.14824611453588368
"(4500.0, 16500)",293.9914644848337,0.14830160460712663
"(4500.0, 16800)",293.99647881011407,0.14835532959308542
"(4500.0, 17100)",294.0013345182925,0.14840735510781008
"(4500.0, 17400)",294.00603663486106,0.14845773228903375
"(4500.0, 17700)",294.0105900103629,0.1485065185198354
"(4500.0, 18000)",294.01499934989323,0.14855376150603833
"(4500.0, 18300)",294.0192692075698,0.14859951076741762
"(4500.0, 18600)",294.0234039977341,0.14864381214958403
"(4500.0, 18900)",294.0274079929482,0.14868671215541987
"(4500.0, 19200)",294.03128533119553,0.14872825492605687
"(4500.0, 19500)",294.03504001841554,0.14876848377120325
"(4500.0, 19800)",294.03867593440225,0.14880744006572932
"(4500.0, 20100)",294.0421968360674,0.14884516411442597
"(4500.0, 20400)",294.04560636178877,0.14888169479575294
"(4500.0, 20700)",294.0489080346983,0.14891706990970105
"(4500.0, 21000)",294.0521052665224,0.14895132599656788
"(4500.0, 21300)",294.0552013609828,0.14898449848134288
"(4500.0, 21600)",294.05819951733673,0.14901662162786658
"(4500.0, 21900)",294.06110283362847,0.14904772863324658
"(4500.0, 22200)",294.063914309925,0.14907785163363768
"(4500.0, 22500)",294.06663685138165,0.14910702175947688
"(4500.0, 22800)",294.06927327125834,0.14913526915187647
"(4500.0, 23100)",294.0718262938181,0.14916262300140468
"(4500.0, 23400)",294.0742985571508,0.14918911157234857
"(4500.0, 23700)",294.07669261589524,0.14921476223614713
"(4500.0, 24000)",294.07901094388166,0.14923960149761534
"(4500.0, 24300)",294.0812559366852,0.14926365502393663
"(4500.0, 24600)",294.0834299141024,0.1492869476700475
"(4500.0, 24900)",294.0855351225481,0.1493095035048282
"(4500.0, 25200)",294.0875737373766,0.14933134583561772
"(4500.0, 25500)",294.08954786512976,0.14935249723254798
"(4500.0, 25800)",294.09145954571386,0.14937297955176723
"(4500.0, 26100)",294.0933107545071,0.14939281395808007
"(4500.0, 26400)",294.09510340440085,0.14941202094677225
"(4500.0, 26700)",294.0968393477766,0.14943062036482596
"(4500.0, 27000)",294.0985203784197,0.14944863143139014
"(4500.0, 27300)",294.10014823337303,0.14946607275767546
"(4500.0, 27600)",294.10172459473205,0.14948296236613265
"(4500.0, 27900)",294.10325109138284,0.14949931770914804
"(4500.0, 28200)",294.1047293006856,0.14951515568697482
"(4500.0, 28500)",294.10616075010347,0.14953049266542506
"(4500.0, 28800)",294.10754691878213,0.14954534449245363
"(4500.0, 29100)",294.108889239077,0.14955972651500157
"(4500.0, 29400)",294.11018909803545,0.14957365359379846
"(4500.0, 29700)",294.1114478388283,0.14958714012023303
"(4500.0, 30000)",294.1126667621405,0.14960020002927474
"(4500.0, 30300)",294.1138471275072,0.14961284681788434
"(4500.0, 30600)",294.11499015462397,0.1496250935532844
"(4500.0, 30900)",294.1160970245931,0.14963695289373813
"(4500.0, 31200)",294.11716888117667,0.14964843708669587
"(4500.0, 31500)",294.11820683194566,0.14965955800258604
"(4500.0, 31800)",294.1192119494753,0.14967032711991246
"(4500.0, 32100)",294.120185272333,0.14968075559297359
"(4500.0, 32400)",294.12112780627285,0.1496908541843334
"(4500.0, 32700)",294.1220405250867,0.14970063337752126
"(4500.0, 33000)",294.12292437205764,0.14971010317909583
"(4500.0, 33300)",294.1237802604829,0.14971927342442434
"(4500.0, 33600)",294.1246090753207,0.1497281534083298
"(4500.0, 33900)",294.12541167243256,0.14973675267453082
"(4500.0, 34200)",294.12618888115844,0.14974507992194874
"(4500.0, 34500)",294.1269415025429,0.14975314443130644
"(4500.0, 34800)",294.12767031641283,0.1497609531617583
"(4500.0, 35100)",294.1283760758663,0.14976851488027482
"(4500.0, 35400)",294.1290595178765,0.14977583487578808
"(4500.0, 35700)",294.12972134070895,0.1497829258440432
"(4500.0, 36000)",294.1303622282391,0.14978979250519212
"(4500.0, 36300)",294.130982813947,0.14979645138857925
"(4500.0, 36600)",294.13158376879636,0.14980289019943252
"(4500.0, 36900)",294.13216571376597,0.14980912533272095
"(4500.0, 37200)",294.13272935745647,0.14981512804834518
"(4500.0, 37500)",294.1332751715277,0.14982097606291334
"(4500.0, 37800)",294.13380371998016,0.14982663908849653
"(4500.0, 38100)",294.1343151460957,0.14983225512088955
"(4500.0, 38400)",294.13481039436493,0.14983756136322174
"(4500.0, 38700)",294.1352899765382,0.14984269975418313
"(4500.0, 39000)",294.13575586169014,0.14984719229164536
"(4500.0, 39300)",294.1362070096325,0.14985202601340786
"(4500.0, 39600)",294.13664388654354,0.14985670683145857
"(4500.0, 39900)",294.1370610035967,0.14986318798339268
"(4500.0, 40200)",294.1374649259333,0.1498675157752745
"(4500.0, 40500)",294.1378560709435,0.1498717066655672
"(4500.0, 40800)",294.13825180487305,0.14987020144541172
"(4500.0, 41100)",294.13863502097325,0.14987430722467077
"(4500.0, 41400)",294.1390061152073,0.14987828313019394
"(4500.0, 41700)",293.7633359838414,0.27151985231055614
"(4500.0, 42000)",293.4094866570789,0.2644622789826971
"(4500.0, 42300)",293.0761902105599,0.25781463566867757
"(4500.0, 42600)",293.5261873799808,9.560280792824198e-07
"(4500.0, 42900)",293.97618445289066,9.881904455139644e-07
"(4500.0, 43200)",294.42618142928944,1.0203528048476342e-06
"(5400.0, 0)",,
"(5400.0, 300)",293.1798172270901,0.14022081712314982
"(5400.0, 600)",293.208687160506,0.1405315018843642
"(5400.0, 900)",293.23663989577943,0.14083231618686493
"(5400.0, 1200)",293.2694611353568,0.13923316278038272
"(5400.0, 1500)",293.3012538355227,0.13957056979365534
"(5400.0, 1800)",293.3320502282504,0.13989740327541722
"(5400.0, 2100)",292.97581505016245,0.26510720040019237
"(5400.0, 2400)",292.64100056024137,0.25818664745839154
"(5400.0, 2700)",292.32631805578666,0.2516822188942315
"(5400.0, 3000)",292.41385281866894,0.12123620835372129
"(5400.0, 3300)",292.49882848047724,0.12207624836335829
"(5400.0, 3600)",292.58131980517146,0.12289172907532385
"(5400.0, 3900)",292.6026564885453,0.143009845120987
"(5400.0, 4200)",292.62327055566163,0.14324658292455072
"(5400.0, 4500)",292.64318647959584,0.14347530305345527
"(5400.0, 4800)",292.6623585981249,0.14371900056574038
"(5400.0, 5100)",292.6808813039412,0.1439317553990368
"(5400.0, 5400)",292.6987765944506,0.14413730363733843
"(5400.0, 5700)",292.71594975370795,0.14437390856810553
"(5400.0, 6000)",292.7325410546464,0.1445645309254816
"(5400.0, 6300)",292.74857021169964,0.14474869464570872
"(5400.0, 6600)",292.76944923046466,0.14315833032811134
"(5400.0, 6900)",292.7896296091169,0.14338726181794767
"(5400.0, 7200)",292.80913472509604,0.14360853295153225
"(5400.0, 7500)",293.0027496227885,0.08610348287104219
"(5400.0, 7800)",293.192511978581,0.08737474390320142
"(5400.0, 8100)",293.3784984152933,0.08862070919760877
"(5400.0, 8400)",292.71872549520333,0.3605904178604266
"(5400.0, 8700)",292.11338807929974,0.3432235916193278
"(5400.0, 9000)",291.5579718750217,0.327288979851136
"(5400.0, 9300)",292.00797221012715,-1.1337798445416416e-07
"(5400.0, 9600)",292.4579725581437,-1.1768058624456243e-07
"(5400.0, 9900)",292.90797291907137,-1.2198318815840817e-07
"(5400.0, 10200)",293.2274182669956,0.04404770154126872
"(5400.0, 10500)",293.54365123030533,0.04511284566230162
"(5400.0, 10800)",293.856704144034,0.046167278657332944
"(5400.0, 11100)",293.86596882228366,0.14696123921469062
"(5400.0, 11400)",293.87494042459866,0.14705736642313189
"(5400.0, 11700)",293.88362822205147,0.14715045277352176
"(5400.0, 12000)",293.89205865502345,0.14723486502954594
"(5400.0, 12300)",293.90022241286044,0.14732233298565342
"(5400.0, 12600)",293.90812793114685,0.14740703411720202
"(5400.0, 12900)",293.915777241059,0.1474910696080724
"(5400.0, 13200)",293.92318458130455,0.147570434290258
"(5400.0, 13500)",293.93035760607995,0.14764728843934988
"(5400.0, 13800)",293.93730524745774,0.14772121279029563
"(5400.0, 14100)",293.9440331157163,0.14779329713461167
"(5400.0, 14400)",293.95054816288746,0.1478631012516769
"(5400.0, 14700)",293.9568567044481,0.14793083395987822
"(5400.0, 15000)",293.9629656891977,0.14799628746808724
"(5400.0, 15300)",293.968881429676,0.1480596704987932
"(5400.0, 15600)",293.97461014979785,0.14812101211279974
"(5400.0, 15900)",293.98015765452726,0.14818044973934558
"(5400.0, 16200)",293.98552967621276,0.14823800718802008
"(5400.0, 16500)",293.9907317360519,0.14829375371676565
"(5400.0, 16800)",293.9957692402211,0.1483477270482963
"(5400.0, 17100)",294.00064739407543,0.14839999305272872
"(5400.0, 17400)",294.00537124630006,0.1484506031164177
"(5400.0, 17700)",294.0099456698987,0.14849961486284136
"(5400.0, 18000)",294.01437539171565,0.14854707623097685
"(5400.0, 18300)",294.0186649869304,0.1485930369662333
"(5400.0, 18600)",294.0228188902793,0.14863754313279348
"(5400.0, 18900)",294.0268413940748,0.1486806414451218
"(5400.0, 19200)",294.0307366554255,0.14872237624927492
"(5400.0, 19500)",294.03450869879083,0.14876279105336934
"(5400.0, 19800)",294.0381614218996,0.14880192742444265
"(5400.0, 20100)",294.04169859903095,0.14883982585336616
"(5400.0, 20400)",294.04512388537995,0.14887652539878501
"(5400.0, 20700)",294.0484408203645,0.14891206403518362
"(5400.0, 21000)",294.0516528314815,0.14894647847181905
"(5400.0, 21300)",294.0547632377247,0.14897980429732802
"(5400.0, 21600)",294.0577752531397,0.14901207593398894
"(5400.0, 21900)",294.0606919900918,0.14904332673235998
"(5400.0, 22200)",294.06351646251574,0.14907358897715875
"(5400.0, 22500)",294.0662515889959,0.14910289394271584
"(5400.0, 22800)",294.06890019579686,0.1491312719094739
"(5400.0, 23100)",294.0714650197745,0.14915875220293273
"(5400.0, 23400)",294.0739487112132,0.14918536321803214
"(5400.0, 23700)",294.07635383656094,0.14921113245273646
"(5400.0, 24000)",294.07868288108307,0.14923608653438314
"(5400.0, 24300)",294.0809382514283,0.14926025124879877
"(5400.0, 24600)",294.0831222781166,0.1492836515658146
"(5400.0, 24900)",294.0852372179468,0.1493063116655689
"(5400.0, 25200)",294.08728525632915,0.1493282549631411
"(5400.0, 25500)",294.0892685095429,0.1493495041329916
"(5400.0, 25800)",294.0911890269236,0.14937008113230088
"(5400.0, 26100)",294.09304879298094,0.14939000722370815
"(5400.0, 26400)",294.0948497294487,0.14940930299724275
"(5400.0, 26700)",294.09659369727103,0.14942798839162363
"(5400.0, 27000)",294.098282498525,0.14944608271484383
"(5400.0, 27300)",294.0999178782831,0.14946360466413885
"(5400.0, 27600)",294.1015015264165,0.14948057234528161
"(5400.0, 27900)",294.1030350793406,0.1494970032913263
"(5400.0, 28200)",294.1045201217069,0.1495129144806499
"(5400.0, 28500)",294.10595818803955,0.14952832235471028
"(5400.0, 28800)",294.10735076432155,0.14954324283472312
"(5400.0, 29100)",294.1086992895292,0.1495576913385642
"(5400.0, 29400)",294.110005157122,0.1495716827956702
"(5400.0, 29700)",294.11126971647894,0.14958523166394738
"(5400.0, 30000)",294.1124942742981,0.14959835194278223
"(5400.0, 30300)",294.1136800959366,0.1496110571915246
"(5400.0, 30600)",294.11482840672807,0.14962336053779884
"(5400.0, 30900)",294.1159403932343,0.14963527469838314
"(5400.0, 31200)",294.1170172045048,0.14964681197734267
"(5400.0, 31500)",294.1180599532302,0.14965798429997745
"(5400.0, 31800)",294.1190697169435,0.14966880319790016
"(5400.0, 32100)",294.12004753901294,0.149679279876867
"(5400.0, 32400)",294.1209944298421,0.14968942514924535
"(5400.0, 32700)",294.1219113677245,0.14969924954680094
"(5400.0, 33000)",294.12279930030326,0.1497087631228024
"(5400.0, 33300)",294.12365914509695,0.1497179757578501
"(5400.0, 33600)",294.1244917911525,0.14972689679056525
"(5400.0, 33900)",294.12529809829,0.1497355358070937
"(5400.0, 34200)",294.126078899683,0.14974390154742545
"(5400.0, 34500)",294.1268350000884,0.1497520033320566
"(5400.0, 34800)",294.12756718292815,0.14975984815866095
"(5400.0, 35100)",294.1282762047815,0.14976744483150906
"(5400.0, 35400)",294.12896280599256,0.1497747986756711
"(5400.0, 35700)",294.12962768809194,0.14978192242182858
"(5400.0, 36000)",294.1302715381154,0.14978882082401895
"(5400.0, 36300)",294.13089499260514,0.1497955104443305
"(5400.0, 36600)",294.1314987254887,0.14980197901987677
"(5400.0, 36900)",294.1320833606156,0.14980824297631928
"(5400.0, 37200)",294.1326496093654,0.1498142736035389
"(5400.0, 37500)",294.1331979460907,0.14982014864657345
"(5400.0, 37800)",294.1337289373987,0.14982583784563938
"(5400.0, 38100)",294.1342427290977,0.1498314792228923
"(5400.0, 38400)",294.13474026812014,0.14983681000905985
"(5400.0, 38700)",294.13522206858397,0.14984197216746709
"(5400.0, 39000)",294.1356901018483,0.14984648772281353
"(5400.0, 39300)",294.13614332995274,0.14985134373199838
"(5400.0, 39600)",294.13658222122456,0.14985604613245845
"(5400.0, 39900)",294.1370012889446,0.1498625481757785
"(5400.0, 40200)",294.1374071002424,0.1498668962067752
"(5400.0, 40500)",294.13780007445996,0.14987110669595702
"(5400.0, 40800)",294.13819757966644,0.1498696204762706
"(5400.0, 41100)",294.13858251101476,0.14987374463270714
"(5400.0, 41400)",294.1389552662402,0.14987773833410065
"(5400.0, 41700)",293.76328808822115,0.27151889702584925
"(5400.0, 42000)",293.40944154346585,0.26446137918550433
"(5400.0, 42300)",293.07614771730306,0.25781378813484984
"(5400.0, 42600)",293.52614488673316,9.560250421884742e-07
"(5400.0, 42900)",293.976141959652,9.88187408420666e-07
"(5400.0, 43200)",294.4261389360601,1.020349767754998e-06
"(6300.0, 0)",,
"(6300.0, 300)",293.1827804174055,0.13924772159383805
"(6300.0, 600)",293.2145267444637,0.13958691273880033
"(6300.0, 900)",293.2452716025665,0.13991540376714806
"(6300.0, 1200)",293.2762843362695,0.13982704563132925
"(6300.0, 1500)",293.3063216243861,0.14014701624513937
"(6300.0, 1800)",293.33541414767177,0.14045692280184524
"(6300.0, 2100)",292.97964602248226,0.2649593965544803
"(6300.0, 2400)",292.64525273886835,0.25805346614276403
"(6300.0, 2700)",292.3309494151582,0.2515624360052722
"(6300.0, 3000)",292.418104413694,0.1213611669066799
"(6300.0, 3300)",292.50270968997035,0.12219811731964705
"(6300.0, 3600)",292.5848397839219,0.12301058220452257
"(6300.0, 3900)",292.6060505321247,0.14305110493086368
"(6300.0, 4200)",292.6265429178943,0.14328644906498172
"(6300.0, 4500)",292.64634127062175,0.14351382259932746
"(6300.0, 4800)",292.66540667647433,0.1437539607881534
"(6300.0, 5100)",292.6838262844909,0.14396553134890286
"(6300.0, 5400)",292.7016219696239,0.14416993543172052
"(6300.0, 5700)",292.71869872234623,0.14440549227219496
"(6300.0, 6000)",292.7351968831812,0.14459504451539734
"(6300.0, 6300)",292.7511360558895,0.1447781743788943
"(6300.0, 6600)",292.77192921104415,0.14318646625284961
"(6300.0, 6900)",292.7920265991865,0.14341445628043506
"(6300.0, 7200)",292.8114515016193,0.14363481745424272
"(6300.0, 7500)",293.00502030493556,0.08611869306813734
"(6300.0, 7800)",293.194737483632,0.08738965142482227
"(6300.0, 8100)",293.3806796416475,0.08863532006281087
"(6300.0, 8400)",292.7207268386658,0.3606478350404918
"(6300.0, 8700)",292.11522437601417,0.34327627370838876
"(6300.0, 9000)",291.5596567367813,0.3273373173632719
"(6300.0, 9300)",292.00965707193535,-1.1339409397377679e-07
"(6300.0, 9600)",292.4596574200003,-1.1769669576463865e-07
"(6300.0, 9900)",292.90965777954426,-1.2199929766525467e-07
"(6300.0, 10200)",293.229086184319,0.04405331946393131
"(6300.0, 10500)",293.5453023748023,0.0451184070902925
"(6300.0, 10800)",293.85833868436896,0.046172784158752055
"(6300.0, 11100)",293.8675516560808,0.14697819865950554
"(6300.0, 11400)",293.8764731875264,0.14707378937817325
"(6300.0, 11700)",293.88511249803605,0.1471663562099375
"(6300.0, 12000)",293.8934959797421,0.147250264782683
"(6300.0, 12300)",293.90161427149644,0.1473372456070789
"(6300.0, 12600)",293.909475761903,0.14742147501607747
"(6300.0, 12900)",293.91708243605297,0.1475050538969594
"(6300.0, 13200)",293.9244484892281,0.1475839762158793
"(6300.0, 13500)",293.9315815329618,0.14766040199492741
"(6300.0, 13800)",293.93849045814596,0.14773391148356155
"(6300.0, 14100)",293.945180834911,0.14780559413307334
"(6300.0, 14400)",293.9516595765484,0.14787500926205238
"(6300.0, 14700)",293.95793296098697,0.14794236529758578
"(6300.0, 15000)",293.96400790073244,0.14800745403733592
"(6300.0, 15300)",293.96989067314536,0.14807048383822882
"(6300.0, 15600)",293.975587468082,0.14813148339349774
"(6300.0, 15900)",293.98110405750896,0.14819058978423685
"(6300.0, 16200)",293.98644614182894,0.14824782647501492
"(6300.0, 16500)",293.9916192113031,0.14830326239295644
"(6300.0, 16800)",293.99662864215367,0.14835693493852514
"(6300.0, 17100)",294.00147961072645,0.1484089096716928
"(6300.0, 17400)",294.00617713761636,0.14845923767769528
"(6300.0, 17700)",294.0107260686242,0.1485079762888545
"(6300.0, 18000)",294.0151311042521,0.1485551731617558
"(6300.0, 18300)",294.0193967941705,0.1486008777685305
"(6300.0, 18600)",294.0235275484145,0.1486451359086364
"(6300.0, 18900)",294.0275276353759,0.1486879940402797
"(6300.0, 19200)",294.0314011889993,0.1487294962613215
"(6300.0, 19500)",294.03515221131363,0.1487696858395689
"(6300.0, 19800)",294.03878457832593,0.1488086041093187
"(6300.0, 20100)",294.0423020432807,0.14884629133607236
"(6300.0, 20400)",294.0457082410043,0.14888278636023228
"(6300.0, 20700)",294.04900669118985,0.14891812694494952
"(6300.0, 21000)",294.05220080223387,0.14895234959483422
"(6300.0, 21300)",294.05529387463326,0.1489854897003406
"(6300.0, 21600)",294.05828910452215,0.1490175814918399
"(6300.0, 21900)",294.06118958692133,0.14904865813405066
"(6300.0, 22200)",294.06399831896925,0.1490787517317389
"(6300.0, 22500)",294.0667182029853,0.1491078933849637
"(6300.0, 22800)",294.0693520494839,0.14913611320541553
"(6300.0, 23100)",294.07190258006864,0.1491634403551763
"(6300.0, 23400)",294.0743724302545,0.14918990307094107
"(6300.0, 23700)",294.0767641521866,0.1492155286974312
"(6300.0, 24000)",294.0790802172804,0.1492403437135905
"(6300.0, 24300)",294.0813230187732,0.14926437376155052
"(6300.0, 24600)",294.08349487419684,0.1492876436719849
"(6300.0, 24900)",294.08559802777353,0.14931017749028236
"(6300.0, 25200)",294.0876346527341,0.14933199850103077
"(6300.0, 25500)",294.0896068535647,0.14935312925233424
"(6300.0, 25800)",294.09151666817996,0.14937359157900354
"(6300.0, 26100)",294.0933660700302,0.14939340662518655
"(6300.0, 26400)",294.09515697013956,0.14941259486616518
"(6300.0, 26700)",294.0968912190816,0.14943117612954698
"(6300.0, 27000)",294.0985706088905,0.14944916961572208
"(6300.0, 27300)",294.1001968749139,0.14946659391773534
"(6300.0, 27600)",294.1017716976054,0.14948346704044602
"(6300.0, 27900)",294.1032967042608,0.14949980641920468
"(6300.0, 28200)",294.10477347070093,0.14951562893776799
"(6300.0, 28500)",294.10620352289783,0.1495309509459749
"(6300.0, 28800)",294.10758833855374,0.1495457882763113
"(6300.0, 29100)",294.1089293486257,0.14956015626073846
"(6300.0, 29400)",294.11022793880727,0.14957406974547868
"(6300.0, 29700)",294.1114854509582,0.14958754310787517
"(6300.0, 30000)",294.11270318449374,0.1496005902692938
"(6300.0, 30300)",294.11388239771986,0.14961322471352317
"(6300.0, 30600)",294.11502430914135,0.14962545949502842
"(6300.0, 30900)",294.11613009870774,0.1496373072597233
"(6300.0, 31200)",294.1172009090647,0.14964878024309605
"(6300.0, 31500)",294.11823784670236,0.149659890303993
"(6300.0, 31800)",294.11924198314875,0.1496706489096984
"(6300.0, 32100)",294.12021435595744,0.1496810672036504
"(6300.0, 32400)",294.12115596990117,0.149691155937896
"(6300.0, 32700)",294.1220677978209,0.14970092558577686
"(6300.0, 33000)",294.1229507820792,0.14971038614398977
"(6300.0, 33300)",294.12380583508184,0.14971954743834945
"(6300.0, 33600)",294.1246338409238,0.1497284187544303
"(6300.0, 33900)",294.1254356546306,0.1497370096269939
"(6300.0, 34200)",294.1262121047327,0.14974532874628924
"(6300.0, 34500)",294.1269639914905,0.14975338538463925
"(6300.0, 34800)",294.1276920939723,0.14976118649306355
"(6300.0, 35100)",294.12839716454096,0.14976874083066208
"(6300.0, 35400)",294.12907993945737,0.14977605367872868
"(6300.0, 35700)",294.12974111629836,0.14978313772563787
"(6300.0, 36000)",294.13038137827147,0.14978999768438023
"(6300.0, 36300)",294.1310013582103,0.14979665007738954
"(6300.0, 36600)",294.13160172645286,0.14980308260316086
"(6300.0, 36900)",294.13218310337174,0.14980931165018296
"(6300.0, 37200)",294.1327461969806,0.14981530847202312
"(6300.0, 37500)",294.1332914783706,0.14982115077928632
"(6300.0, 37800)",294.1338195109923,0.14982680827810538
"(6300.0, 38100)",294.13433043759375,0.1498324189587042
"(6300.0, 38400)",294.1348252021498,0.14983772001838508
"(6300.0, 38700)",294.13530431591124,0.14984285339063738
"(6300.0, 39000)",294.13576974747,0.1498473410676679
"(6300.0, 39300)",294.1362204561677,0.1498521700832429
"(6300.0, 39600)",294.1366569077282,0.14985684634397234
"(6300.0, 39900)",294.13707361288067,0.14986332308450523
"(6300.0, 40200)",294.13747713634626,0.14986764660271634
"(6300.0, 40500)",294.1378678951029,0.14987183335452803
"(6300.0, 40800)",294.13826325501145,0.1498703241222524
"(6300.0, 41100)",294.1386461089216,0.1498744260210066
"(6300.0, 41400)",294.13901685242223,0.14987839816877027
"(6300.0, 41700)",293.7633460974308,0.27152005402748447
"(6300.0, 42000)",293.40949618322264,0.26446246898293935
"(6300.0, 42300)",293.0761991833919,0.25781481463304307
"(6300.0, 42600)",293.5261963528109,9.560287205920365e-07
"(6300.0, 42900)",293.9761934257189,9.881910868234492e-07
"(6300.0, 43200)",294.42619040211594,1.0203534461569936e-06
"(7200.0, 0)",,
"(7200.0, 300)",293.1814961354219,0.13966950062789088
"(7200.0, 600)",293.2119956361879,0.1399963894207899
"(7200.0, 900)",293.24153003888534,0.14031293444625953
"(7200.0, 1200)",293.2726588136639,0.13978898190469335
"(7200.0, 1500)",293.3028084891693,0.14011015099881552
"(7200.0, 1800)",293.332009861197,0.1404212183003375
"(7200.0, 2100)",292.97644717190707,0.26489302756757654
"(7200.0, 2400)",292.64224695437457,0.2579910923512661
"(7200.0, 2700)",292.32812507039563,0.25150381682147976
"(7200.0, 3000)",292.4153623576605,0.12133415562038911
"(7200.0, 3300)",292.50004751460017,0.12217189703488882
"(7200.0, 3600)",292.58225515166777,0.12298512977423076
"(7200.0, 3900)",292.6035534249627,0.14302243066584572
"(7200.0, 4200)",292.6241303715196,0.14325874594164145
"(7200.0, 4500)",292.6440104211245,0.1434870577269793
"(7200.0, 4800)",292.66315478403425,0.14372809357601768
"(7200.0, 5100)",292.68165067462195,0.14394054032817905
"(7200.0, 5400)",292.6995200584319,0.14414579092346883
"(7200.0, 5700)",292.71666803296324,0.14438215932432494
"(7200.0, 6000)",292.73323500248785,0.1445725021285703
"(7200.0, 6300)",292.74924065252696,0.14475639576751925
"(7200.0, 6600)",292.770097234799,0.14316568235413638
"(7200.0, 6900)",292.79025592770904,0.1433943678366766
"(7200.0, 7200)",292.8097400835761,0.1436154011946536
"(7200.0, 7500)",293.00334293602873,0.08610745755543488
"(7200.0, 7800)",293.19309348626587,0.08737863949868355
"(7200.0, 8100)",293.37906835217433,0.08862452727685047
"(7200.0, 8400)",292.7192484297479,0.36060542062720236
"(7200.0, 8700)",292.11386788812246,0.3432373571290128
"(7200.0, 9000)",291.5584121148199,0.32730161014373405
"(7200.0, 9300)",292.00841244851256,-1.1338219371860838e-07
"(7200.0, 9600)",292.4584127965416,-1.1768479550912745e-07
"(7200.0, 9900)",292.90841315605,-1.2198739740940306e-07
"(7200.0, 10200)",293.2278540769007,0.04404916944756594
"(7200.0, 10500)",293.5440826576408,0.04511429880711321
"(7200.0, 10800)",293.85713123286996,0.04616871718909751
"(7200.0, 11100)",293.86638240072494,0.14696567054586834
"(7200.0, 11400)",293.87534092002886,0.14706165757496437
"(7200.0, 11700)",293.88401604833444,0.14715460818039877
"(7200.0, 12000)",293.89243421341604,0.14723888882907687
"(7200.0, 12300)",293.9005860914262,0.14732622950260157
"(7200.0, 12600)",293.90848010567345,0.14741080737782544
"(7200.0, 12900)",293.91611827529266,0.147494723561133
"(7200.0, 13200)",293.9235148276449,0.14757397265827804
"(7200.0, 13500)",293.93067740577897,0.1476507148786156
"(7200.0, 13800)",293.9376149310075,0.1477245308302422
"(7200.0, 14100)",293.94433300311846,0.14779651021577353
"(7200.0, 14400)",293.9508385640213,0.1478662126941915
"(7200.0, 14700)",293.95713791938203,0.14793384698163886
"(7200.0, 15000)",293.96323800851684,0.14799920517954343
"(7200.0, 15300)",293.9691451347735,0.14806249591487564
"(7200.0, 15600)",293.9748655131679,0.14812374815240004
"(7200.0, 15900)",293.98040494004186,0.1481830992303839
"(7200.0, 16200)",293.98576913939695,0.14824057286826917
"(7200.0, 16500)",293.9909636243475,0.14829623823755803
"(7200.0, 16800)",293.99599379324275,0.14835013297676253
"(7200.0, 17100)",294.00086484385827,0.14840232287496244
"(7200.0, 17400)",294.0055818175394,0.14845285923983895
"(7200.0, 17700)",294.01014958018226,0.14850179961878365
"(7200.0, 18000)",294.01457285174814,0.14854919187699417
"(7200.0, 18300)",294.01885620075115,0.14859508568846957
"(7200.0, 18600)",294.02300405547334,0.14863952704822891
"(7200.0, 18900)",294.02702070197716,0.14868256260377707
"(7200.0, 19200)",294.0309102913185,0.14872423663631537
"(7200.0, 19500)",294.03467684209613,0.14876459259117722
"(7200.0, 19800)",294.0383242463632,0.14880367197458516
"(7200.0, 20100)",294.0418562729023,0.14884151521851727
"(7200.0, 20400)",294.0452765715868,0.14887816132460258
"(7200.0, 20700)",294.0485886766805,0.14891364821210173
"(7200.0, 21000)",294.0517960106897,0.14894801253681048
"(7200.0, 21300)",294.0549018877751,0.1489812898355638
"(7200.0, 21600)",294.05790951730205,0.14901351448050448
"(7200.0, 21900)",294.06082200710404,0.14904471977362466
"(7200.0, 22200)",294.06364236672715,0.1490749379526422
"(7200.0, 22500)",294.06637351050597,0.14910420024634108
"(7200.0, 22800)",294.06901826058925,0.14913253689107347
"(7200.0, 23100)",294.07157934984815,0.14915997716963522
"(7200.0, 23400)",294.0740594247076,0.1491865494356206
"(7200.0, 23700)",294.0764610478785,0.14921228114695356
"(7200.0, 24000)",294.07878670100746,0.14923719889219647
"(7200.0, 24300)",294.0810387872387,0.1492613284196301
"(7200.0, 24600)",294.083219633699,0.14928469466272873
"(7200.0, 24900)",294.0853314939006,0.1493073217664167
"(7200.0, 25200)",294.0873765500714,0.14932923311168025
"(7200.0, 25500)",294.0893569154094,0.14935045133996455
"(7200.0, 25800)",294.0912746362659,0.14937099837647513
"(7200.0, 26100)",294.09313169426093,0.1493908954528895
"(7200.0, 26400)",294.0949300083299,0.14941016312925576
"(7200.0, 26700)",294.09667143670725,0.14942882131526125
"(7200.0, 27000)",294.0983577788459,0.14944688929078206
"(7200.0, 27300)",294.0999907772774,0.14946438572583542
"(7200.0, 27600)",294.101572119412,0.14948132869981584
"(7200.0, 27900)",294.1031034392826,0.14949773572025535
"(7200.0, 28200)",294.1045863192332,0.14951362374080382
"(7200.0, 28500)",294.1060222915533,0.1495290091789859
"(7200.0, 28800)",294.10741284006235,0.1495439079328303
"(7200.0, 29100)",294.1087594016412,0.14955833539776764
"(7200.0, 29400)",294.11006336772016,0.14957230648148473
"(7200.0, 29700)",294.1113260857136,0.14958583562084057
"(7200.0, 30000)",294.1125488604166,0.1495989367948383
"(7200.0, 30300)",294.11373295534383,0.14961162354307855
"(7200.0, 30600)",294.11487959404457,0.14962390897407238
"(7200.0, 30900)",294.11598996135325,0.14963580578607044
"(7200.0, 31200)",294.1170652046458,0.149647326265245
"(7200.0, 31500)",294.11810643499285,0.1496584823195178
"(7200.0, 31800)",294.11911472835834,0.14966928546370192
"(7200.0, 32100)",294.12009112659115,0.1496797468872552
"(7200.0, 32400)",294.1210366386236,0.14968987738679224
"(7200.0, 32700)",294.12195224132444,0.14969968747881052
"(7200.0, 33000)",294.1228388809572,0.14970918720180104
"(7200.0, 33300)",294.12369747370434,0.14971838642204605
"(7200.0, 33600)",294.12452890731913,0.14972729446431388
"(7200.0, 33900)",294.1253340403687,0.1497359209013121
"(7200.0, 34200)",294.12611370481346,0.1497442744600383
"(7200.0, 34500)",294.1268687042354,0.1497523644484008
"(7200.0, 34800)",294.1275998209189,0.14976019785188718
"(7200.0, 35100)",294.12830781034165,0.14976778346296388
"(7200.0, 35400)",294.12899341178064,0.14977512659525588
"(7200.0, 35700)",294.12965732573343,0.14978223996840123
"(7200.0, 36000)",294.1303002382358,0.14978912832570923
"(7200.0, 36300)",294.1309227848605,0.1497958082189128
"(7200.0, 36600)",294.13152563859745,0.14980226737501792
"(7200.0, 36900)",294.1321094223877,0.1498085222099835
"(7200.0, 37200)",294.1326748467311,0.1498145440041963
"(7200.0, 37500)",294.1332223851283,0.149820410493706
"(7200.0, 37800)",294.1337526033616,0.14982609140981867
"(7200.0, 38100)",294.13426564643964,0.14983172476634277
"(7200.0, 38400)",294.134762460522,0.1498370477852794
"(7200.0, 38700)",294.13524355897766,0.14984220242215554
"(7200.0, 39000)",294.1357109124427,0.14984671069318187
"(7200.0, 39300)",294.1361634822517,0.14985155964920957
"(7200.0, 39600)",294.13660173605155,0.1498562552196226
"(7200.0, 39900)",294.1370201864569,0.149862750651583
"(7200.0, 40200)",294.13742539996724,0.14986709227763745
"(7200.0, 40500)",294.13781779530717,0.1498712965644836
"(7200.0, 40800)",294.13821473996916,0.14986980433184124
"(7200.0, 41100)",294.13859912850387,0.14987392267257107
"(7200.0, 41400)",294.13897135808617,0.14987791074222065
"(7200.0, 41700)",293.7633032454404,0.27151919933866375
"(7200.0, 42000)",293.409455820281,0.26446166393854015
"(7200.0, 42300)",293.0761611648707,0.25781405634843124
"(7200.0, 42600)",293.52615833429803,9.5602600331807e-07
"(7200.0, 42900)",293.9761554072141,9.881883695500621e-07
"(7200.0, 43200)",294.4261523836193,1.0203507288841902e-06
"(8100.0, 0)",,
"(8100.0, 300)",293.18133042337325,0.13972392005030454
"(8100.0, 600)",293.2116690631983,0.1400492155917136
"(8100.0, 900)",293.24104731498477,0.140364213705526
"(8100.0, 1200)",293.2723004470915,0.13974814579828976
"(8100.0, 1500)",293.3025708246954,0.14007051527609793
"(8100.0, 1800)",293.33188935050475,0.14038274784811644
"(8100.0, 2100)",292.97627399800814,0.2649097657737992
"(8100.0, 2400)",292.64202587092046,0.2580063117332213
"(8100.0, 2700)",292.3278604502391,0.251517639495293
"(8100.0, 3000)",292.41512732600705,0.12132441639562774
"(8100.0, 3300)",292.49984136009067,0.12216239226595661
"(8100.0, 3600)",292.5820771792619,0.12297585408356136
"(8100.0, 3900)",292.6033820777723,0.1430202599936941
"(8100.0, 4200)",292.6239654261686,0.14325664845594455
"(8100.0, 4500)",292.6438516617684,0.14348503096023293
"(8100.0, 4800)",292.66300138847663,0.1437263363395097
"(8100.0, 5100)",292.6815024611553,0.1439388426209284
"(8100.0, 5400)",292.69937685150444,0.14414415072882533
"(8100.0, 5700)",292.7165296782011,0.14438056970848256
"(8100.0, 6000)",292.7331013354908,0.1445709663718234
"(8100.0, 6300)",292.749111514465,0.14475491204502255
"(8100.0, 6600)",292.76997241294663,0.14316426801314477
"(8100.0, 6900)",292.7901352776323,0.14339300082406703
"(8100.0, 7200)",292.80962346567406,0.14361407992666705
"(8100.0, 7500)",293.0032286412891,0.08610669095206232
"(8100.0, 7800)",293.19298146850207,0.08737788813575054
"(8100.0, 8100)",293.37895856614927,0.08862379085157313
"(8100.0, 8400)",292.71914769727726,0.3606025308020592
"(8100.0, 8700)",292.11377546251634,0.34323470561695224
"(8100.0, 9000)",291.5583273110075,0.32729917729097163
"(8100.0, 9300)",292.00832764469794,-1.1338138288135836e-07
"(8100.0, 9600)",292.45832799272443,-1.1768398467185262e-07
"(8100.0, 9900)",292.9083283522304,-1.219865865721061e-07
"(8100.0, 10200)",293.2277701258782,0.04404888668152398
"(8100.0, 10500)",293.54399955084244,0.04511401888460851
"(8100.0, 10800)",293.85704896180624,0.04616844008153546
"(8100.0, 11100)",293.8663027321981,0.14696481692877503
"(8100.0, 11400)",293.87526377171116,0.147060830960927
"(8100.0, 11700)",293.88394134050264,0.1471538077152112
"(8100.0, 12000)",293.89236186877497,0.1472381137157031
"(8100.0, 12300)",293.90051603522227,0.14732547890795233
"(8100.0, 12600)",293.9084122655179,0.14741008052631263
"(8100.0, 12900)",293.9160525811164,0.1474940196920987
"(8100.0, 13200)",293.9234512115644,0.14757329105464512
"(8100.0, 13500)",293.930615802058,0.14765005483606516
"(8100.0, 13800)",293.9375552759827,0.1477238916688954
"(8100.0, 14100)",293.9442752351472,0.14779589127286924
"(8100.0, 14400)",293.9507826234108,0.1478656133301633
"(8100.0, 14700)",293.9570837483294,0.14793326657661343
"(8100.0, 15000)",293.963185551046,0.1479986431343516
"(8100.0, 15300)",293.9690943366792,0.14806195164874525
"(8100.0, 15600)",293.9748163219588,0.148123221103071
"(8100.0, 15900)",293.98035730488806,0.14818258885309604
"(8100.0, 16200)",293.9857230110758,0.1482400786356374
"(8100.0, 16500)",293.9909189551939,0.1482957596388427
"(8100.0, 16800)",293.9959505370992,0.14834966951746154
"(8100.0, 17100)",294.0008229560275,0.1484018740761748
"(8100.0, 17400)",294.0055412547377,0.14845242463780858
"(8100.0, 17700)",294.0101103004952,0.14850137876442954
"(8100.0, 18000)",294.0145348145873,0.14854878433543703
"(8100.0, 18300)",294.01881936681167,0.1485946910385931
"(8100.0, 18600)",294.02296838669423,0.14863914488222932
"(8100.0, 18900)",294.026986161501,0.1486821925267535
"(8100.0, 19200)",294.03087684345394,0.1487238782658604
"(8100.0, 19500)",294.0346444522809,0.14876424555698006
"(8100.0, 19800)",294.0382928811282,0.1488033359180478
"(8100.0, 20100)",294.0418258998372,0.1488411897923954
"(8100.0, 20400)",294.0452471593066,0.1488778461926179
"(8100.0, 20700)",294.04856019479286,0.14891334304862155
"(8100.0, 21000)",294.0517684297636,0.14894771702649515
"(8100.0, 21300)",294.05487517931056,0.14898100367306347
"(8100.0, 21600)",294.0578836537008,0.1490132373701229
"(8100.0, 21900)",294.0607969616406,0.149044451429017
"(8100.0, 22200)",294.0636181135217,0.1490746780965238
"(8100.0, 22500)",294.066350024497,0.1491039486101971
"(8100.0, 22800)",294.06899551750854,0.14913229321488394
"(8100.0, 23100)",294.0715573261944,0.14915974120160314
"(8100.0, 23400)",294.07403809772364,0.14918632093191644
"(8100.0, 23700)",294.0764403955265,0.14921205987145886
"(8100.0, 24000)",294.07876670194696,0.14923698461626325
"(8100.0, 24300)",294.08101942080447,0.14926112092184327
"(8100.0, 24600)",294.08320087987886,0.14928449372867414
"(8100.0, 24900)",294.08531333331615,0.14930712718846711
"(8100.0, 25200)",294.08735896395683,0.1493290446887734
"(8100.0, 25500)",294.08933988559255,0.14935026887739897
"(8100.0, 25800)",294.0912581451497,0.14937082168570961
"(8100.0, 26100)",294.0931157248048,0.14939072435134643
"(8100.0, 26400)",294.09491454403224,0.14940999744013211
"(8100.0, 26700)",294.09665646158845,0.14942866086734766
"(8100.0, 27000)",294.098343277432,0.1494467339182837
"(8100.0, 27300)",294.09997673458366,0.14946423526819846
"(8100.0, 27600)",294.1015585209281,0.14948118300157673
"(8100.0, 27900)",294.10309027095667,0.1494975946308568
"(8100.0, 28200)",294.10457356745826,0.14951348711445997
"(8100.0, 28500)",294.10600994315257,0.14952887687451452
"(8100.0, 28800)",294.1074008822759,0.1495437798135185
"(8100.0, 29100)",294.108747822113,0.1495582113312297
"(8100.0, 29400)",294.1100521544847,0.14957218633951755
"(8100.0, 29700)",294.1113152271842,0.14958571927929992
"(8100.0, 30000)",294.11253834537285,0.1495988241335054
"(8100.0, 30300)",294.11372277292014,0.14961151444553675
"(8100.0, 30600)",294.11486973371933,0.14962380332759026
"(8100.0, 30900)",294.1159804129377,0.14963570348148192
"(8100.0, 31200)",294.1170559582733,0.1496472271968354
"(8100.0, 31500)",294.1180974811088,0.1496583863849186
"(8100.0, 31800)",294.11910605771055,0.14966919256378072
"(8100.0, 32100)",294.12008273022025,0.14967965692601887
"(8100.0, 32400)",294.1210285078533,0.14968979027128054
"(8100.0, 32700)",294.1219443677532,0.14969960311900596
"(8100.0, 33000)",294.1228312564489,0.1497091055105318
"(8100.0, 33300)",294.12369009038036,0.1497183073148984
"(8100.0, 33600)",294.12452175755016,0.1497272178595452
"(8100.0, 33900)",294.12532711676687,0.14973584671976561
"(8100.0, 34200)",294.12610700022447,0.1497442026250613
"(8100.0, 34500)",294.1268622117312,0.14975229488576233
"(8100.0, 34800)",294.1275935337907,0.14976013048970924
"(8100.0, 35100)",294.1283017220929,0.1497677182316397
"(8100.0, 35400)",294.1289875161203,0.14977506342738553
"(8100.0, 35700)",294.1296516165692,0.14978217879870664
"(8100.0, 36000)",294.1302947096685,0.14978906909098347
"(8100.0, 36300)",294.1309174311771,0.1497957508579346
"(8100.0, 36600)",294.131520454266,0.1498022118285272
"(8100.0, 36900)",294.13210440205097,0.14980846842058182
"(8100.0, 37200)",294.1326699852017,0.1498144919163188
"(8100.0, 37500)",294.1332176773825,0.14982036005351163
"(8100.0, 37800)",294.1337480445348,0.14982604256518733
"(8100.0, 38100)",294.1342612318213,0.14983167746676565
"(8100.0, 38400)",294.1347581855506,0.14983700198192185
"(8100.0, 38700)",294.1352394192355,0.14984215806768642
"(8100.0, 39000)",294.13570690365196,0.14984666774190103
"(8100.0, 39300)",294.1361596002698,0.14985151805659422
"(8100.0, 39600)",294.1365979768674,0.14985621494269424
"(8100.0, 39900)",294.1370165461872,0.14986271164822168
"(8100.0, 40200)",294.1374218748507,0.14986705450807375
"(8100.0, 40500)",294.13781438170116,0.14987125998969006
"(8100.0, 40800)",294.13821143434205,0.1498697689153354
"(8100.0, 41100)",294.1385959274403,0.14987388837635834
"(8100.0, 41400)",294.13896825827834,0.14987787753086332
"(8100.0, 41700)",293.7633003256718,0.2715191411034794
"(8100.0, 42000)",293.4094530701069,0.26446160908594096
"(8100.0, 42300)",293.0761585744364,0.2578140046818632
"(8100.0, 42600)",293.52615574386414,9.560258181735732e-07
"(8100.0, 42900)",293.9761528167808,9.881881844056075e-07
"(8100.0, 43200)",294.4261497931865,1.0203505437397681e-06
"(9000.0, 0)",,
"(9000.0, 300)",293.18149888040944,0.13966859917490188
"(9000.0, 600)",293.21200104583994,0.13999551434840446
"(9000.0, 900)",293.2415380352143,0.14031208498756229
"(9000.0, 1200)",293.27266649594844,0.13978908494412437
"(9000.0, 1500)",293.30281586714096,0.1401102508452729
"(9000.0, 1800)",293.3320169442859,0.14042131505274424
"(9000.0, 2100)",292.97645386457833,0.26489315386766066
"(9000.0, 2400)",292.64225327915875,0.25799121136423236
"(9000.0, 2700)",292.32813104852795,0.25150392896722185
"(9000.0, 3000)",292.415368155876,0.1213342146851376
"(9000.0, 3300)",292.50005313812335,0.12217195438328736
"(9000.0, 3600)",292.5822606055714,0.12298518545611756
"(9000.0, 3900)",292.6035586883062,0.14302249309731205
"(9000.0, 4200)",292.62413545074696,0.1432588062619116
"(9000.0, 4500)",292.64401532246194,0.14348711600744649
"(9000.0, 4800)",292.6631595189989,0.14372814808163803
"(9000.0, 5100)",292.681655248849,0.1439405929877169
"(9000.0, 5400)",292.6995244773654,0.1441458417994509
"(9000.0, 5700)",292.71667229983996,0.14438220914008562
"(9000.0, 6000)",292.73323912245667,0.14457255025750865
"(9000.0, 6300)",292.74924463056254,0.1447564422667526
"(9000.0, 6600)",292.7701010790911,0.1431657261796085
"(9000.0, 6900)",292.7902596427318,0.1433944101960262
"(9000.0, 7200)",292.80974367365417,0.14361544213692914
"(9000.0, 7500)",293.0033464555548,0.08610748083388572
"(9000.0, 7800)",293.1930969366574,0.08737866230956293
"(9000.0, 8100)",293.37907173481875,0.08862454962954112
"(9000.0, 8400)",292.71925153391146,0.3606055095203129
"(9000.0, 8700)",292.1138707367495,0.34323743869879864
"(9000.0, 9000)",291.55841472896344,0.32730168499354206
"(9000.0, 9300)",292.00841506408153,-1.1338221872692676e-07
"(9000.0, 9600)",292.4584154121108,-1.1768482051744733e-07
"(9000.0, 9900)",292.9084157730511,-1.219874224314141e-07
"(9000.0, 10200)",293.22785666758534,0.044049178173560424
"(9000.0, 10500)",293.54408522227317,0.045114307445357604
"(9000.0, 10800)",293.85713377171214,0.046168725740474044
"(9000.0, 11100)",293.866384859254,0.14696569688804553
"(9000.0, 11400)",293.87534330078563,0.1470616830838416
"(9000.0, 11700)",293.88401835377914,0.14715463288233607
"(9000.0, 12000)",293.8924364459339,0.14723891274867068
"(9000.0, 12300)",293.90058825332386,0.14732625266555902
"(9000.0, 12600)",293.908482199185,0.14741082980808204
"(9000.0, 12900)",293.91612030258045,0.14749474528216305
"(9000.0, 13200)",293.9235167908037,0.14757399369220783
"(9000.0, 13500)",293.9306793068375,0.14765073524718178
"(9000.0, 13800)",293.93761677193027,0.1477245505544262
"(9000.0, 14100)",293.94433478580777,0.14779652931602658
"(9000.0, 14400)",293.95084029031915,0.14786623119025014
"(9000.0, 14700)",293.9571395910723,0.14793386489263285
"(9000.0, 15000)",293.96323962732686,0.1479992225239631
"(9000.0, 15300)",293.9691467023761,0.1480625127106437
"(9000.0, 15600)",293.9748670311827,0.1481237644168657
"(9000.0, 15900)",293.98040641003774,0.14818311498035955
"(9000.0, 16200)",293.98577056289247,0.1482405881200271
"(9000.0, 16500)",293.9909650028139,0.14829625300686047
"(9000.0, 16800)",293.9959951281045,0.14835014727887147
"(9000.0, 17100)",294.00086613649455,0.14840233672465558
"(9000.0, 17400)",294.0055830692861,0.14845287265142773
"(9000.0, 17700)",294.01015079233264,0.14850181260612635
"(9000.0, 18000)",294.01457402555474,0.1485492044535103
"(9000.0, 18300)",294.01885733742694,0.1485950978671554
"(9000.0, 18600)",294.02300515619294,0.1486395388416689
"(9000.0, 18900)",294.02702176787795,0.14868257402415744
"(9000.0, 19200)",294.03091132350187,0.14872424769543796
"(9000.0, 19500)",294.0346778416287,0.14876460330046942
"(9000.0, 19800)",294.0383252142778,0.14880368234511257
"(9000.0, 20100)",294.0418572101991,0.14884152526099648
"(9000.0, 20400)",294.04527747923424,0.14887817104940976
"(9000.0, 20700)",294.0485895556166,0.1489136576292866
"(9000.0, 21000)",294.05179686182265,0.14894802165610413
"(9000.0, 21300)",294.0549027119842,0.14898129866638682
"(9000.0, 21600)",294.0579103154392,0.14901352303198512
"(9000.0, 21900)",294.06082277999394,0.14904472805459829
"(9000.0, 22200)",294.0636431151684,0.14907494597166568
"(9000.0, 22500)",294.0663742352719,0.149104208011701
"(9000.0, 22800)",294.0690189624289,0.1491325444107939
"(9000.0, 23100)",294.07158002948665,0.1491599844514856
"(9000.0, 23400)",294.07406008284715,0.14918655648712498
"(9000.0, 23700)",294.0764616851994,0.14921228797539965
"(9000.0, 24000)",294.07878731816794,0.14923720550463873
"(9000.0, 24300)",294.0810393848768,0.14926133482290377
"(9000.0, 24600)",294.08322021243214,0.14928470086344847
"(9000.0, 24900)",294.0853320543267,0.14930732777099093
"(9000.0, 25200)",294.0873770927697,0.14932923892631256
"(9000.0, 25500)",294.08935744094055,0.14935045697066363
"(9000.0, 25800)",294.0912751451732,0.1493710038290598
"(9000.0, 26100)",294.09313218707,0.14939090073299444
"(9000.0, 26400)",294.0949304855502,0.1494101682423368
"(9000.0, 26700)",294.0966718988315,0.14942882626659937
"(9000.0, 27000)",294.09835822635205,0.14944689408549677
"(9000.0, 27300)",294.09999121062765,0.1494643903688794
"(9000.0, 27600)",294.1015725390543,0.14948133319598886
"(9000.0, 27900)",294.10310384565037,0.14949774007420144
"(9000.0, 28200)",294.10458671274637,0.14951362795702186
"(9000.0, 28500)",294.10602267261856,0.14952901326183357
"(9000.0, 28800)",294.1074132090734,0.14954391188652572
"(9000.0, 29100)",294.1087597589794,0.14955833922639683
"(9000.0, 29400)",294.11006371375476,0.1495723101890041
"(9000.0, 29700)",294.11132642080236,0.1495858392110821
"(9000.0, 30000)",294.1125491849055,0.14959894027151036
"(9000.0, 30300)",294.1137332695682,0.14961162690977275
"(9000.0, 30600)",294.11487989832915,0.14962391223426805
"(9000.0, 30900)",294.1159902560125,0.14963580894313858
"(9000.0, 31200)",294.11706548998416,0.1496473293224458
"(9000.0, 31500)",294.11810671130524,0.14965848528001166
"(9000.0, 31800)",294.11911499593003,0.14966928833054544
"(9000.0, 32100)",294.12009138569886,0.14967974966341324
"(9000.0, 32400)",294.121036889535,0.14968988007513215
"(9000.0, 32700)",294.12195248429884,0.14969969008211068
"(9000.0, 33000)",294.1228391162456,0.1497091897227516
"(9000.0, 33300)",294.1236977015501,0.14971838886325306
"(9000.0, 33600)",294.1245291279573,0.14972729682829758
"(9000.0, 33900)",294.1253342540275,0.1497359231905159
"(9000.0, 34200)",294.1261139117135,0.14974427667682827
"(9000.0, 34500)",294.12686890459065,0.14975236659506697
"(9000.0, 34800)",294.12760001493643,0.14976019993064946
"(9000.0, 35100)",294.12830799822194,0.14976778547596978
"(9000.0, 35400)",294.12899359371784,0.14977512854458577
"(9000.0, 35700)",294.1296575019156,0.14978224185606864
"(9000.0, 36000)",294.1303004088448,0.1497891301536655
"(9000.0, 36300)",294.13092295007266,0.14979580998904554
"(9000.0, 36600)",294.1315257985835,0.14980226908915645
"(9000.0, 36900)",294.1321095773128,0.1498085238698977
"(9000.0, 37200)",294.13267499675567,0.14981454561160384
"(9000.0, 37500)",294.1332225304071,0.14982041205026636
"(9000.0, 37800)",294.13375274404467,0.14982609291713905
"(9000.0, 38100)",294.1342657826724,0.1498317262259831
"(9000.0, 38400)",294.13476259244544,0.14983704919874738
"(9000.0, 38700)",294.1352436867281,0.14984220379091298
"(9000.0, 39000)",294.135711036152,0.14984671201863664
"(9000.0, 39300)",294.1361636020478,0.14985156093273777
"(9000.0, 39600)",294.13660185205816,0.14985625646254824
"(9000.0, 39900)",294.1370202987936,0.1498627518552056
"(9000.0, 40200)",294.13742550875054,0.149867093443187
"(9000.0, 40500)",294.1378179006493,0.14987129769316287
"(9000.0, 40800)",294.138214841979,0.149869805424776
"(9000.0, 41100)",294.13859922728705,0.14987392373093356
"(9000.0, 41400)",294.1389714537445,0.14987791176710413
"(9000.0, 41700)",293.76330333554284,0.2715192011357693
"(9000.0, 42000)",293.40945590515,0.26446166563126466
"(9000.0, 42300)",293.0761612448104,0.2578140579428371
"(9000.0, 42600)",293.5261584142375,9.560260090315347e-07
"(9000.0, 42900)",293.9761554871535,9.88188375263527e-07
"(9000.0, 43200)",294.4261524635586,1.0203507345976474e-06
