time_step,time,__P_el_base,__P_el_neg,__P_el_pos,r_pel,FlexibilityOffer,negative_power_flex_full,positive_power_flex_full,negative_power_flex_offer,positive_power_flex_offer,negative_power_flex_offer_min,positive_power_flex_offer_min,negative_power_flex_offer_max,positive_power_flex_offer_max,negative_power_flex_offer_avg,positive_power_flex_offer_avg,negative_energy_flex,positive_energy_flex,negative_costs,positive_costs,negative_costs_rel,positive_costs_rel,prep_time,market_time,flex_event_duration,time_step,prediction_horizon
0.0,0.0,0.7543282524225344,0.7543282524171036,0.7543282526978938,1.0,,0.0,0.0,,,-0.05989147908206488,-0.013717752642490755,0.2114571576994232,0.15000021174993014,0.03177358309008663,0.032720361486311744,0.06354716618017325,0.06544072297262349,7.359053882136785e-05,2.2878651051069786e-05,0.00115804595617559,0.00034960877587860475,900.0,900.0,7200.0,,48.0
0.0,900.0,6.888393532776706e-05,-8.469882927170053e-08,0.22979012850318895,1.0,,-6.896863415703877e-05,-0.22972124456786117,,,,,,,,,,,,,,,,,,,
0.0,1800.0,0.141174877557267,0.26227888238726,0.02880443993768313,1.0,,0.121104004829993,0.11237043761958386,0.121104004829993,0.11237043761958386,,,,,,,,,,,,,,,,,
0.0,2700.0,0.15016448127849874,0.1334045322290613,0.13705448611502802,1.0,,-0.01675994904943745,0.013109995163470722,-0.01675994904943745,0.013109995163470722,,,,,,,,,,,,,,,,,
0.0,3600.0,0.14993635210441283,0.15008202134135784,0.15011780107842537,1.0,,0.0,0.0,0.0,0.0,,,,,,,,,,,,,,,,,
0.0,4500.0,0.15001535931199736,0.14999726229716154,0.14999706944201988,1.0,,0.0,0.0,0.0,0.0,,,,,,,,,,,,,,,,,
0.0,5400.0,0.14999577032850375,0.15003784975079917,0.15001038698412977,1.0,,0.0,0.0,0.0,0.0,,,,,,,,,,,,,,,,,
0.0,6300.0,0.15000112399232113,0.14828005431510027,0.14954729048838017,1.0,,-0.0017210696772208545,0.0,-0.0017210696772208545,0.0,,,,,,,,,,,,,,,,,
0.0,7200.0,0.14999969841851235,0.09010821933644747,0.1637174510610031,1.0,,-0.05989147908206488,-0.013717752642490755,-0.05989147908206488,-0.013717752642490755,,,,,,,,,,,,,,,,,
0.0,8100.0,0.15000008070991322,0.3614572384093364,-1.3104001690957044e-07,1.0,,0.2114571576994232,0.15000021174993014,0.2114571576994232,0.15000021174993014,,,,,,,,,,,,,,,,,
0.0,9000.0,0.1499999783853173,1.1145230431324128e-07,0.2915323915129556,1.0,,-0.149999866933013,-0.1415324131276383,,,,,,,,,,,,,,,,,,,
0.0,9900.0,0.15000000578748224,0.04558581447867379,0.04064764533727542,1.0,,-0.10441419130880844,0.10935236045020683,,,,,,,,,,,,,,,,,,,
0.0,10800.0,0.14999999845028517,0.1501771113246096,0.1500043632324175,1.0,,0.0,0.0,,,,,,,,,,,,,,,,,,,
0.0,11700.0,0.15000000041497075,0.14992949523478233,0.14999827280122757,1.0,,0.0,0.0,,,,,,,,,,,,,,,,,,,
0.0,12600.0,0.14999999988888912,0.15001639485920604,0.15000039638973484,1.0,,0.0,0.0,,,,,,,,,,,,,,,,,,,
0.0,13500.0,0.15000000002976938,0.14999533784658312,0.1499998933892322,1.0,,0.0,0.0,,,,,,,,,,,,,,,,,,,
0.0,14400.0,0.1499999999920286,0.1500012339304856,0.15000002737782375,1.0,,0.0,0.0,,,,,,,,,,,,,,,,,,,
0.0,15300.0,0.15000000000213323,0.14999966829884456,0.14999999291526472,1.0,,0.0,0.0,,,,,,,,,,,,,,,,,,,
0.0,16200.0,0.14999999999942437,0.1500000887744805,0.15000000182473772,1.0,,0.0,0.0,,,,,,,,,,,,,,,,,,,
0.0,17100.0,0.15000000000014946,0.14999997621169953,0.14999999953153237,1.0,,0.0,0.0,,,,,,,,,,,,,,,,,,,
0.0,18000.0,0.14999999999996294,0.15000000637237543,0.15000000012152576,1.0,,0.0,0.0,,,,,,,,,,,,,,,,,,,
0.0,18900.0,0.15000000000001834,0.14999999829265298,0.14999999996989288,1.0,,0.0,0.0,,,,,,,,,,,,,,,,,,,
0.0,19800.0,0.15000000000000258,0.15000000045742415,0.15000000000731978,1.0,,0.0,0.0,,,,,,,,,,,,,,,,,,,
0.0,20700.0,0.1499999999999983,0.14999999987760015,0.14999999999966418,1.0,,0.0,0.0,,,,,,,,,,,,,,,,,,,
0.0,21600.0,0.14999999999999242,0.15000000003234185,0.15000000000000463,1.0,,0.0,0.0,,,,,,,,,,,,,,,,,,,
0.0,22500.0,0.14999999999999403,0.14999999999146468,0.15000000000092756,1.0,,0.0,0.0,,,,,,,,,,,,,,,,,,,
0.0,23400.0,0.14999999999999653,0.15000000000246844,0.15000000000041097,1.0,,0.0,0.0,,,,,,,,,,,,,,,,,,,
0.0,24300.0,0.14999999999998215,0.14999999999865649,0.1500000000014588,1.0,,0.0,0.0,,,,,,,,,,,,,,,,,,,
0.0,25200.0,0.15000000000003758,0.15000000000087854,0.1499999999997847,1.0,,0.0,0.0,,,,,,,,,,,,,,,,,,,
0.0,26100.0,0.14999999999984545,0.14999999999975344,0.15000000000055563,1.0,,0.0,0.0,,,,,,,,,,,,,,,,,,,
0.0,27000.0,0.15000000000058383,0.15000000000016128,0.15000000000011554,1.0,,0.0,0.0,,,,,,,,,,,,,,,,,,,
0.0,27900.0,0.14999999999780828,0.14999999999790833,0.15000000000076105,1.0,,0.0,0.0,,,,,,,,,,,,,,,,,,,
0.0,28800.0,0.1500000000082179,0.15000000000749197,0.15000000000054647,1.0,,0.0,0.0,,,,,,,,,,,,,,,,,,,
0.0,29700.0,0.14999999996934144,0.14999999997043725,0.14999999999911962,1.0,,0.0,0.0,,,,,,,,,,,,,,,,,,,
0.0,30600.0,0.15000000011450104,0.15000000011458253,0.15000000000301822,1.0,,0.0,0.0,,,,,,,,,,,,,,,,,,,
0.0,31500.0,0.14999999957240498,0.14999999957012777,0.14999999999232888,1.0,,0.0,0.0,,,,,,,,,,,,,,,,,,,
0.0,32400.0,0.15000000159688315,0.1500000016049099,0.1500000000321583,1.0,,0.0,0.0,,,,,,,,,,,,,,,,,,,
0.0,33300.0,0.1499999940363953,0.14999999400508876,0.14999999987731893,1.0,,0.0,0.0,,,,,,,,,,,,,,,,,,,
0.0,34200.0,0.15000002227233267,0.15000002238988042,0.15000000047305684,1.0,,0.0,0.0,,,,,,,,,,,,,,,,,,,
0.0,35100.0,0.14999991683351113,0.14999991641527208,0.14999999819513554,1.0,,0.0,0.0,,,,,,,,,,,,,,,,,,,
0.0,36000.0,0.15000031074850798,0.1500003124305337,0.1500000068914936,1.0,,0.0,0.0,,,,,,,,,,,,,,,,,,,
0.0,36900.0,0.14999884170342487,0.14999883684809429,0.14999997382600888,1.0,,0.0,0.0,,,,,,,,,,,,,,,,,,,
0.0,37800.0,0.15000435704094528,0.15000438841164765,0.15000010029374078,1.0,,0.0,0.0,,,,,,,,,,,,,,,,,,,
0.0,38700.0,0.1499841682213587,0.14998414056589554,0.14999963233933578,1.0,,0.0,0.0,,,,,,,,,,,,,,,,,,,
0.0,39600.0,0.15006538468539127,0.15006553715358106,0.15000156219152422,1.0,,0.0,0.0,,,,,,,,,,,,,,,,,,,
0.0,40500.0,0.14983456827551028,0.14983428787516073,0.14999596866305562,1.0,,0.0,0.0,,,,,,,,,,,,,,,,,,,
0.0,41400.0,0.2682405960778159,0.2682407622146542,0.2682980872402758,1.0,,0.0,0.0,,,,,,,,,,,,,,,,,,,
0.0,42300.0,4.7864579461877476e-05,4.786649026890541e-05,9.738288674719563e-07,1.0,,0.0,4.689075059440552e-05,,,,,,,,,,,,,,,,,,,
900.0,0.0,1.433185592962527e-06,-1.0297062537368676e-07,-1.2302416576588562e-07,,"('base_power_profile', 0.0        1.433186e-06
900.0      1.389545e-01
1800.0     1.500043e-01
2700.0     1.499983e-01
3600.0     1.500004e-01
4500.0     1.499999e-01
5400.0     1.500000e-01
6300.0     1.500000e-01
7200.0     1.500000e-01
8100.0     1.500000e-01
9000.0     1.500000e-01
9900.0     1.500000e-01
10800.0    1.500000e-01
11700.0    1.500000e-01
12600.0    1.500000e-01
13500.0    1.500000e-01
14400.0    1.500000e-01
15300.0    1.500000e-01
16200.0    1.500000e-01
17100.0    1.500000e-01
18000.0    1.500000e-01
18900.0    1.500000e-01
19800.0    1.500000e-01
20700.0    1.500000e-01
21600.0    1.500000e-01
22500.0    1.500000e-01
23400.0    1.500000e-01
24300.0    1.500000e-01
25200.0    1.500000e-01
26100.0    1.500000e-01
27000.0    1.500000e-01
27900.0    1.500000e-01
28800.0    1.500000e-01
29700.0    1.500000e-01
30600.0    1.500000e-01
31500.0    1.500000e-01
32400.0    1.500000e-01
33300.0    1.500000e-01
34200.0    1.500000e-01
35100.0    1.500000e-01
36000.0    1.500000e-01
36900.0    1.500000e-01
37800.0    1.500001e-01
38700.0    1.499996e-01
39600.0    1.500016e-01
40500.0    1.499960e-01
41400.0    2.682976e-01
42300.0    9.727629e-07
Name: P_el, dtype: float64)",-1.5361562183362139e-06,1.5562097587284128e-06,,,-0.060561933782147026,-0.013716689342642002,0.21217084800216812,0.15000442198634156,0.03225913890544453,0.03578598288822493,0.06451827781088905,0.07157196577644986,9.213953919257056e-06,7.798197623105907e-05,0.00014281152925786828,0.0010895603520885597,900.0,900.0,7200.0,,48.0
900.0,900.0,0.13895445319438188,0.1353406622861954,0.3933687499897324,1.0,,-0.003613790908186476,-0.25441429679535055,,,,,,,,,,,,,,,,,,,
900.0,1800.0,0.1500043036772543,0.28186339115119363,-1.1830908725976972e-07,1.0,,0.13185908747393932,0.15000442198634156,0.13185908747393932,0.15000442198634156,,,,,,,,,,,,,,,,,
900.0,2700.0,0.14999828723156056,0.1263690783238992,0.15013028472758072,1.0,,-0.023629208907661348,0.0,-0.023629208907661348,0.0,,,,,,,,,,,,,,,,,
900.0,3600.0,0.1500004096861292,0.14992093015492874,0.14999696880474275,1.0,,0.0,0.0,0.0,0.0,,,,,,,,,,,,,,,,,
900.0,4500.0,0.14999988685469867,0.15000093222027597,0.1499998320462546,1.0,,0.0,0.0,0.0,0.0,,,,,,,,,,,,,,,,,
900.0,5400.0,0.1500000300441809,0.15003855470291522,0.15001033829469182,1.0,,0.0,0.0,0.0,0.0,,,,,,,,,,,,,,,,,
900.0,6300.0,0.14999999193592117,0.1482343103931783,0.14954707758123245,1.0,,-0.0017656815427428696,0.0,-0.0017656815427428696,0.0,,,,,,,,,,,,,,,,,
900.0,7200.0,0.15000000215748913,0.0894380683753421,0.16371669150013113,1.0,,-0.060561933782147026,-0.013716689342642002,-0.060561933782147026,-0.013716689342642002,,,,,,,,,,,,,,,,,
900.0,8100.0,0.14999999942200282,0.36217084742417094,-1.3104009705395713e-07,1.0,,0.21217084800216812,0.15000013046209987,0.21217084800216812,0.15000013046209987,,,,,,,,,,,,,,,,,
900.0,9000.0,0.1500000001546912,-1.1841928956337644e-07,0.29156141018686804,1.0,,-0.15000011857398077,-0.14156141003217684,,,,,,,,,,,,,,,,,,,
900.0,9900.0,0.14999999995856045,0.045579190169066856,0.040625640351515446,1.0,,-0.10442080978949358,0.109374359607045,,,,,,,,,,,,,,,,,,,
900.0,10800.0,0.1500000000111006,0.15000436576588602,0.1500043771835275,1.0,,0.0,0.0,,,,,,,,,,,,,,,,,,,
900.0,11700.0,0.14999999999702732,0.1499982496830623,0.14999824579084214,1.0,,0.0,0.0,,,,,,,,,,,,,,,,,,,
900.0,12600.0,0.15000000000079938,0.15000041923058208,0.1500004202730097,1.0,,0.0,0.0,,,,,,,,,,,,,,,,,,,
900.0,13500.0,0.14999999999979036,0.14999988419845867,0.14999988391632063,1.0,,0.0,0.0,,,,,,,,,,,,,,,,,,,
900.0,14400.0,0.15000000000006278,0.15000003075289522,0.15000003082850052,1.0,,0.0,0.0,,,,,,,,,,,,,,,,,,,
900.0,15300.0,0.14999999999998725,0.14999999174704026,0.14999999172677048,1.0,,0.0,0.0,,,,,,,,,,,,,,,,,,,
900.0,16200.0,0.15000000000000685,0.15000000220853793,0.15000000221398685,1.0,,0.0,0.0,,,,,,,,,,,,,,,,,,,
900.0,17100.0,0.14999999999999258,0.14999999940850411,0.14999999940704956,1.0,,0.0,0.0,,,,,,,,,,,,,,,,,,,
900.0,18000.0,0.14999999999999583,0.15000000015834697,0.15000000015875842,1.0,,0.0,0.0,,,,,,,,,,,,,,,,,,,
900.0,18900.0,0.1499999999999957,0.14999999995757596,0.14999999995747226,1.0,,0.0,0.0,,,,,,,,,,,,,,,,,,,
900.0,19800.0,0.14999999999999597,0.15000000001132502,0.1500000000113742,1.0,,0.0,0.0,,,,,,,,,,,,,,,,,,,
900.0,20700.0,0.14999999999999508,0.14999999999694683,0.14999999999694597,1.0,,0.0,0.0,,,,,,,,,,,,,,,,,,,
900.0,21600.0,0.1499999999999953,0.150000000000797,0.15000000000080294,1.0,,0.0,0.0,,,,,,,,,,,,,,,,,,,
900.0,22500.0,0.14999999999999528,0.14999999999975877,0.1499999999997778,1.0,,0.0,0.0,,,,,,,,,,,,,,,,,,,
900.0,23400.0,0.1499999999999952,0.1500000000000336,0.15000000000003916,1.0,,0.0,0.0,,,,,,,,,,,,,,,,,,,
900.0,24300.0,0.14999999999999558,0.14999999999994956,0.14999999999997324,1.0,,0.0,0.0,,,,,,,,,,,,,,,,,,,
900.0,25200.0,0.14999999999999414,0.149999999999982,0.15000000000000424,1.0,,0.0,0.0,,,,,,,,,,,,,,,,,,,
900.0,26100.0,0.14999999999999675,0.1499999999999678,0.14999999999997654,1.0,,0.0,0.0,,,,,,,,,,,,,,,,,,,
900.0,27000.0,0.1500000000000072,0.14999999999998925,0.14999999999999447,1.0,,0.0,0.0,,,,,,,,,,,,,,,,,,,
900.0,27900.0,0.14999999999995053,0.14999999999992342,0.1499999999999443,1.0,,0.0,0.0,,,,,,,,,,,,,,,,,,,
900.0,28800.0,0.15000000000019853,0.15000000000017039,0.15000000000016794,1.0,,0.0,0.0,,,,,,,,,,,,,,,,,,,
900.0,29700.0,0.14999999999925712,0.14999999999923297,0.149999999999252,1.0,,0.0,0.0,,,,,,,,,,,,,,,,,,,
900.0,30600.0,0.15000000000276242,0.15000000000272,0.15000000000273858,1.0,,0.0,0.0,,,,,,,,,,,,,,,,,,,
900.0,31500.0,0.14999999998973962,0.14999999998971275,0.1499999999897167,1.0,,0.0,0.0,,,,,,,,,,,,,,,,,,,
900.0,32400.0,0.1500000000383065,0.1500000000382708,0.15000000003832875,1.0,,0.0,0.0,,,,,,,,,,,,,,,,,,,
900.0,33300.0,0.14999999985698098,0.1499999998569758,0.14999999985679038,1.0,,0.0,0.0,,,,,,,,,,,,,,,,,,,
900.0,34200.0,0.1500000005341467,0.15000000053408594,0.1500000005347901,1.0,,0.0,0.0,,,,,,,,,,,,,,,,,,,
900.0,35100.0,0.14999999800546876,0.14999999800559394,0.14999999800303562,1.0,,0.0,0.0,,,,,,,,,,,,,,,,,,,
900.0,36000.0,0.15000000745279896,0.15000000745214134,0.1500000074616867,1.0,,0.0,0.0,,,,,,,,,,,,,,,,,,,
900.0,36900.0,0.1499999722230253,0.14999997222475897,0.14999997218941363,1.0,,0.0,0.0,,,,,,,,,,,,,,,,,,,
900.0,37800.0,0.15000010451215418,0.1500001045048166,0.15000010463529745,1.0,,0.0,0.0,,,,,,,,,,,,,,,,,,,
900.0,38700.0,0.14999962050292542,0.14999962050715987,0.14999962001575456,1.0,,0.0,0.0,,,,,,,,,,,,,,,,,,,
900.0,39600.0,0.15000156818359672,0.15000156809650955,0.1500015697753443,1.0,,0.0,0.0,,,,,,,,,,,,,,,,,,,
900.0,40500.0,0.1499959720963979,0.14999597267403408,0.149995965558745,1.0,,0.0,0.0,,,,,,,,,,,,,,,,,,,
900.0,41400.0,0.26829759690934196,0.26829762946527536,0.2682972484560827,1.0,,0.0,0.0,,,,,,,,,,,,,,,,,,,
900.0,42300.0,9.727628609195866e-07,9.727628740506543e-07,9.727628090652553e-07,1.0,,0.0,0.0,,,,,,,,,,,,,,,,,,,
1800.0,0.0,0.12506206891422364,0.1251318470228343,0.12506206871851092,,"('base_power_profile', 0.0        1.250621e-01
900.0      1.500043e-01
1800.0     1.499983e-01
2700.0     1.500004e-01
3600.0     1.499999e-01
4500.0     1.500000e-01
5400.0     1.500000e-01
6300.0     1.500000e-01
7200.0     1.500000e-01
8100.0     1.500000e-01
9000.0     1.500000e-01
9900.0     1.500000e-01
10800.0    1.500000e-01
11700.0    1.500000e-01
12600.0    1.500000e-01
13500.0    1.500000e-01
14400.0    1.500000e-01
15300.0    1.500000e-01
16200.0    1.500000e-01
17100.0    1.500000e-01
18000.0    1.500000e-01
18900.0    1.500000e-01
19800.0    1.500000e-01
20700.0    1.500000e-01
21600.0    1.500000e-01
22500.0    1.500000e-01
23400.0    1.500000e-01
24300.0    1.500000e-01
25200.0    1.500000e-01
26100.0    1.500000e-01
27000.0    1.500000e-01
27900.0    1.500000e-01
28800.0    1.500000e-01
29700.0    1.500000e-01
30600.0    1.500000e-01
31500.0    1.500000e-01
32400.0    1.500000e-01
33300.0    1.500000e-01
34200.0    1.500000e-01
35100.0    1.500000e-01
36000.0    1.500000e-01
36900.0    1.500000e-01
37800.0    1.500001e-01
38700.0    1.499996e-01
39600.0    1.500016e-01
40500.0    1.499960e-01
41400.0    2.682976e-01
42300.0    9.727629e-07
Name: P_el, dtype: float64)",0.0,0.0,,,-0.06056537099070984,-0.013716709075941746,0.2121741101585296,0.15000013119507843,0.03189595305827794,0.03578522772844992,0.06379190611655587,0.07157045545689984,0.0001870016931427368,7.8409686208189e-05,0.0029314329125243736,0.0010955594135544909,900.0,900.0,7200.0,,48.0
1800.0,900.0,0.15000431725582988,0.14917025887485064,0.4044129137970804,,,0.0,-0.2544085965412505,,,,,,,,,,,,,,,,,,,
1800.0,1800.0,0.14999828139936955,0.2770930159117642,-1.1830909312128972e-07,1.0,,0.12709473451239467,0.14999839970846268,0.12709473451239467,0.14999839970846268,,,,,,,,,,,,,,,,,
1800.0,2700.0,0.15000041007157155,0.12823023616390639,0.1501302628094707,1.0,,-0.02177017390766517,0.0,-0.02177017390766517,0.0,,,,,,,,,,,,,,,,,
1800.0,3600.0,0.14999988665250277,0.1499763450410237,0.14999696946777524,1.0,,0.0,0.0,0.0,0.0,,,,,,,,,,,,,,,,,
1800.0,4500.0,0.15000003009276408,0.14999965324113307,0.1499998302796657,1.0,,0.0,0.0,0.0,0.0,,,,,,,,,,,,,,,,,
1800.0,5400.0,0.14999999192360175,0.1500385916636754,0.1500103395149791,1.0,,0.0,0.0,0.0,0.0,,,,,,,,,,,,,,,,,
1800.0,6300.0,0.15000000216128678,0.14823432685496102,0.14954708186365923,1.0,,-0.0017656753063257646,0.0,-0.0017656753063257646,0.0,,,,,,,,,,,,,,,,,
1800.0,7200.0,0.1499999994211736,0.08943462843046375,0.16371670849711534,1.0,,-0.06056537099070984,-0.013716709075941746,-0.06056537099070984,-0.013716709075941746,,,,,,,,,,,,,,,,,
1800.0,8100.0,0.15000000015498138,0.362174110313511,-1.3104009705822128e-07,1.0,,0.2121741101585296,0.15000013119507843,0.2121741101585296,0.15000013119507843,,,,,,,,,,,,,,,,,
1800.0,9000.0,0.1499999999584995,-1.1841928956557828e-07,0.29156071847702175,1.0,,-0.15000011837778907,-0.14156071851852225,,,,,,,,,,,,,,,,,,,
1800.0,9900.0,0.15000000001111452,0.04558050069525103,0.04062614552377391,1.0,,-0.10441949931586349,0.1093738544873406,,,,,,,,,,,,,,,,,,,
1800.0,10800.0,0.1499999999970199,0.15000439336695234,0.15000437500009778,1.0,,0.0,0.0,,,,,,,,,,,,,,,,,,,
1800.0,11700.0,0.15000000000080416,0.14999824341886703,0.14999824636380105,1.0,,0.0,0.0,,,,,,,,,,,,,,,,,,,
1800.0,12600.0,0.1499999999997768,0.1500004209284036,0.15000042003221614,1.0,,0.0,0.0,,,,,,,,,,,,,,,,,,,
1800.0,13500.0,0.15000000000005922,0.14999988374515677,0.1499998839767827,1.0,,0.0,0.0,,,,,,,,,,,,,,,,,,,
1800.0,14400.0,0.14999999999998417,0.1500000308746085,0.15000003081195185,1.0,,0.0,0.0,,,,,,,,,,,,,,,,,,,
1800.0,15300.0,0.15000000000000907,0.14999999171445771,0.14999999173117295,1.0,,0.0,0.0,,,,,,,,,,,,,,,,,,,
1800.0,16200.0,0.14999999999999059,0.15000000221731064,0.15000000221281018,1.0,,0.0,0.0,,,,,,,,,,,,,,,,,,,
1800.0,17100.0,0.15000000000000496,0.1499999994061817,0.1499999994073637,1.0,,0.0,0.0,,,,,,,,,,,,,,,,,,,
1800.0,18000.0,0.15000000000000485,0.15000000015900755,0.15000000015867238,1.0,,0.0,0.0,,,,,,,,,,,,,,,,,,,
1800.0,18900.0,0.15000000000000407,0.14999999995742366,0.14999999995749216,1.0,,0.0,0.0,,,,,,,,,,,,,,,,,,,
1800.0,19800.0,0.1499999999999984,0.15000000001139963,0.15000000001135488,1.0,,0.0,0.0,,,,,,,,,,,,,,,,,,,
1800.0,20700.0,0.1500000000000054,0.1499999999969484,0.14999999999693173,1.0,,0.0,0.0,,,,,,,,,,,,,,,,,,,
1800.0,21600.0,0.15000000000000469,0.150000000000808,0.15000000000079722,1.0,,0.0,0.0,,,,,,,,,,,,,,,,,,,
1800.0,22500.0,0.15000000000000432,0.1499999999997751,0.14999999999976377,1.0,,0.0,0.0,,,,,,,,,,,,,,,,,,,
1800.0,23400.0,0.15000000000000713,0.15000000000005612,0.15000000000004143,1.0,,0.0,0.0,,,,,,,,,,,,,,,,,,,
1800.0,24300.0,0.15000000000000357,0.1499999999999948,0.14999999999997338,1.0,,0.0,0.0,,,,,,,,,,,,,,,,,,,
1800.0,25200.0,0.1500000000000084,0.15000000000000466,0.1499999999999906,1.0,,0.0,0.0,,,,,,,,,,,,,,,,,,,
1800.0,26100.0,0.14999999999999925,0.14999999999999963,0.14999999999997427,1.0,,0.0,0.0,,,,,,,,,,,,,,,,,,,
1800.0,27000.0,0.15000000000002528,0.150000000000012,0.14999999999998925,1.0,,0.0,0.0,,,,,,,,,,,,,,,,,,,
1800.0,27900.0,0.1499999999999519,0.1499999999999564,0.14999999999992802,1.0,,0.0,0.0,,,,,,,,,,,,,,,,,,,
1800.0,28800.0,0.15000000000019642,0.1500000000002074,0.15000000000019814,1.0,,0.0,0.0,,,,,,,,,,,,,,,,,,,
1800.0,29700.0,0.14999999999927,0.14999999999926977,0.14999999999924657,1.0,,0.0,0.0,,,,,,,,,,,,,,,,,,,
1800.0,30600.0,0.15000000000273767,0.15000000000275782,0.1500000000027317,1.0,,0.0,0.0,,,,,,,,,,,,,,,,,,,
1800.0,31500.0,0.14999999998974747,0.14999999998971297,0.1499999999897259,1.0,,0.0,0.0,,,,,,,,,,,,,,,,,,,
1800.0,32400.0,0.15000000003829822,0.15000000003844965,0.15000000003830904,1.0,,0.0,0.0,,,,,,,,,,,,,,,,,,,
1800.0,33300.0,0.14999999985698736,0.14999999985643347,0.1499999998568483,1.0,,0.0,0.0,,,,,,,,,,,,,,,,,,,
1800.0,34200.0,0.15000000053410156,0.1500000005362182,0.1500000005345395,1.0,,0.0,0.0,,,,,,,,,,,,,,,,,,,
1800.0,35100.0,0.14999999800563396,0.14999999799774574,0.14999999800393488,1.0,,0.0,0.0,,,,,,,,,,,,,,,,,,,
1800.0,36000.0,0.1500000074521171,0.15000000748150594,0.15000000745833642,1.0,,0.0,0.0,,,,,,,,,,,,,,,,,,,
1800.0,36900.0,0.14999997222507042,0.14999997211553878,0.14999997220197914,1.0,,0.0,0.0,,,,,,,,,,,,,,,,,,,
1800.0,37800.0,0.1500001045036733,0.15000010491228993,0.1500001045892067,1.0,,0.0,0.0,,,,,,,,,,,,,,,,,,,
1800.0,38700.0,0.14999962051170357,0.14999961899344263,0.14999962019727708,1.0,,0.0,0.0,,,,,,,,,,,,,,,,,,,
1800.0,39600.0,0.15000156807132445,0.15000157386999424,0.15000156928387753,1.0,,0.0,0.0,,,,,,,,,,,,,,,,,,,
1800.0,40500.0,0.1499959728132897,0.14999594763155893,0.14999596756356137,1.0,,0.0,0.0,,,,,,,,,,,,,,,,,,,
1800.0,41400.0,0.26829764586112437,0.26829688067228896,0.2682973511150675,1.0,,0.0,0.0,,,,,,,,,,,,,,,,,,,
1800.0,42300.0,9.72762880374482e-07,9.727628215112008e-07,9.727628121813333e-07,1.0,,0.0,0.0,,,,,,,,,,,,,,,,,,,
2700.0,0.0,0.16157179426379728,0.16152889774301218,0.1615310689851221,,"('base_power_profile', 0.0        1.615718e-01
900.0      1.409747e-01
1800.0     1.500043e-01
2700.0     1.499983e-01
3600.0     1.500004e-01
4500.0     1.499999e-01
5400.0     1.500000e-01
6300.0     1.500000e-01
7200.0     1.500000e-01
8100.0     1.500000e-01
9000.0     1.500000e-01
9900.0     1.500000e-01
10800.0    1.500000e-01
11700.0    1.500000e-01
12600.0    1.500000e-01
13500.0    1.500000e-01
14400.0    1.500000e-01
15300.0    1.500000e-01
16200.0    1.500000e-01
17100.0    1.500000e-01
18000.0    1.500000e-01
18900.0    1.500000e-01
19800.0    1.500000e-01
20700.0    1.500000e-01
21600.0    1.500000e-01
22500.0    1.500000e-01
23400.0    1.500000e-01
24300.0    1.500000e-01
25200.0    1.500000e-01
26100.0    1.500000e-01
27000.0    1.500000e-01
27900.0    1.500000e-01
28800.0    1.500000e-01
29700.0    1.500000e-01
30600.0    1.500000e-01
31500.0    1.500000e-01
32400.0    1.500000e-01
33300.0    1.500000e-01
34200.0    1.500000e-01
35100.0    1.500000e-01
36000.0    1.500000e-01
36900.0    1.500000e-01
37800.0    1.500001e-01
38700.0    1.499996e-01
39600.0    1.500016e-01
40500.0    1.499960e-01
41400.0    2.682976e-01
42300.0    9.727629e-07
Name: P_el, dtype: float64)",0.0,0.0,,,-0.0605653738608731,-0.013716654179488974,0.21217411088800237,0.1500044190536481,0.032191373871546775,0.03578598691690915,0.06438274774309355,0.0715719738338183,1.7517988385590266e-05,8.831204210651283e-05,0.00027209134433796284,0.0012338913875920622,900.0,900.0,7200.0,,48.0
2700.0,900.0,0.14097474043848296,0.1379334392572295,0.39542840212175473,,,-0.003041301181253453,-0.25445366168327177,,,,,,,,,,,,,,,,,,,
2700.0,1800.0,0.15000430074455975,0.28096367172245024,-1.1830908835945906e-07,,,0.13095937097789048,0.1500044190536481,0.13095937097789048,0.1500044190536481,,,,,,,,,,,,,,,,,
2700.0,2700.0,0.14999828813374202,0.12672683374040894,0.15013033660018577,1.0,,-0.023271454393333085,0.0,-0.023271454393333085,0.0,,,,,,,,,,,,,,,,,
2700.0,3600.0,0.1500004105175174,0.14993237150153954,0.14999696778676566,1.0,,0.0,0.0,0.0,0.0,,,,,,,,,,,,,,,,,
2700.0,4500.0,0.14999988665495806,0.1500006680730175,0.14999983057124436,1.0,,0.0,0.0,0.0,0.0,,,,,,,,,,,,,,,,,
2700.0,5400.0,0.150000030103872,0.15003856767261536,0.15001034149120895,1.0,,0.0,0.0,0.0,0.0,,,,,,,,,,,,,,,,,
2700.0,6300.0,0.14999999192145497,0.14823432928214247,0.14954706006670643,1.0,,-0.001765662639312493,0.0,-0.001765662639312493,0.0,,,,,,,,,,,,,,,,,
2700.0,7200.0,0.15000000216191473,0.08943462830104162,0.1637166563414037,1.0,,-0.0605653738608731,-0.013716654179488974,-0.0605653738608731,-0.013716654179488974,,,,,,,,,,,,,,,,,
2700.0,8100.0,0.14999999942101705,0.3621741103090194,-1.3104009704633802e-07,1.0,,0.21217411088800237,0.1500001304611141,0.21217411088800237,0.1500001304611141,,,,,,,,,,,,,,,,,
2700.0,9000.0,0.15000000015504117,-1.1841928956557836e-07,0.29156262355515505,1.0,,-0.15000011857433074,-0.14156262340011389,,,,,,,,,,,,,,,,,,,
2700.0,9900.0,0.1499999999584909,0.04558050069524325,0.0406248583788045,1.0,,-0.10441949926324764,0.10937514157968639,,,,,,,,,,,,,,,,,,,
2700.0,10800.0,0.15000000001112127,0.15000439336694726,0.15000439685859204,1.0,,0.0,0.0,,,,,,,,,,,,,,,,,,,
2700.0,11700.0,0.14999999999702712,0.14999824341885576,0.14999824142555152,1.0,,0.0,0.0,,,,,,,,,,,,,,,,,,,
2700.0,12600.0,0.15000000000080943,0.1500004209284002,0.15000042135897765,1.0,,0.0,0.0,,,,,,,,,,,,,,,,,,,
2700.0,13500.0,0.14999999999979707,0.14999988374516002,0.14999988362243846,1.0,,0.0,0.0,,,,,,,,,,,,,,,,,,,
2700.0,14400.0,0.15000000000004246,0.15000003087460706,0.15000003090691777,1.0,,0.0,0.0,,,,,,,,,,,,,,,,,,,
2700.0,15300.0,0.1499999999999847,0.14999999171445225,0.1499999917057656,1.0,,0.0,0.0,,,,,,,,,,,,,,,,,,,
2700.0,16200.0,0.15000000000001326,0.15000000221730858,0.15000000221962934,1.0,,0.0,0.0,,,,,,,,,,,,,,,,,,,
2700.0,17100.0,0.15000000000000557,0.1499999994061869,0.14999999940556125,1.0,,0.0,0.0,,,,,,,,,,,,,,,,,,,
2700.0,18000.0,0.1500000000000074,0.150000000159012,0.15000000015917114,1.0,,0.0,0.0,,,,,,,,,,,,,,,,,,,
2700.0,18900.0,0.1500000000000086,0.149999999957413,0.14999999995737806,1.0,,0.0,0.0,,,,,,,,,,,,,,,,,,,
2700.0,19800.0,0.15000000000000852,0.1500000000114028,0.1500000000114125,1.0,,0.0,0.0,,,,,,,,,,,,,,,,,,,
2700.0,20700.0,0.15000000000000774,0.14999999999695424,0.14999999999694655,1.0,,0.0,0.0,,,,,,,,,,,,,,,,,,,
2700.0,21600.0,0.15000000000000796,0.15000000000081903,0.1500000000008085,1.0,,0.0,0.0,,,,,,,,,,,,,,,,,,,
2700.0,22500.0,0.15000000000000782,0.14999999999978408,0.14999999999977498,1.0,,0.0,0.0,,,,,,,,,,,,,,,,,,,
2700.0,23400.0,0.1500000000000081,0.15000000000006933,0.15000000000005614,1.0,,0.0,0.0,,,,,,,,,,,,,,,,,,,
2700.0,24300.0,0.15000000000000718,0.14999999999997943,0.1499999999999948,1.0,,0.0,0.0,,,,,,,,,,,,,,,,,,,
2700.0,25200.0,0.1500000000000112,0.15000000000000324,0.15000000000000466,1.0,,0.0,0.0,,,,,,,,,,,,,,,,,,,
2700.0,26100.0,0.15000000000000338,0.1500000000000086,0.14999999999999963,1.0,,0.0,0.0,,,,,,,,,,,,,,,,,,,
2700.0,27000.0,0.15000000000002395,0.15000000000001526,0.150000000000012,1.0,,0.0,0.0,,,,,,,,,,,,,,,,,,,
2700.0,27900.0,0.14999999999995203,0.14999999999995883,0.1499999999999564,1.0,,0.0,0.0,,,,,,,,,,,,,,,,,,,
2700.0,28800.0,0.1500000000001998,0.15000000000021374,0.1500000000002074,1.0,,0.0,0.0,,,,,,,,,,,,,,,,,,,
2700.0,29700.0,0.14999999999927027,0.14999999999926839,0.14999999999926977,1.0,,0.0,0.0,,,,,,,,,,,,,,,,,,,
2700.0,30600.0,0.1500000000027632,0.15000000000276176,0.15000000000275782,1.0,,0.0,0.0,,,,,,,,,,,,,,,,,,,
2700.0,31500.0,0.149999999989764,0.1499999999896997,0.14999999998971295,1.0,,0.0,0.0,,,,,,,,,,,,,,,,,,,
2700.0,32400.0,0.15000000003825076,0.15000000003845027,0.15000000003844965,1.0,,0.0,0.0,,,,,,,,,,,,,,,,,,,
2700.0,33300.0,0.14999999985719714,0.14999999985644177,0.14999999985643342,1.0,,0.0,0.0,,,,,,,,,,,,,,,,,,,
2700.0,34200.0,0.15000000053338414,0.15000000053622548,0.15000000053621845,1.0,,0.0,0.0,,,,,,,,,,,,,,,,,,,
2700.0,35100.0,0.1499999980083297,0.14999999799775673,0.14999999799774472,1.0,,0.0,0.0,,,,,,,,,,,,,,,,,,,
2700.0,36000.0,0.1500000074420669,0.15000000748149916,0.15000000748151,1.0,,0.0,0.0,,,,,,,,,,,,,,,,,,,
2700.0,36900.0,0.14999997226365014,0.149999972115535,0.14999997211554067,1.0,,0.0,0.0,,,,,,,,,,,,,,,,,,,
2700.0,37800.0,0.15000010437168765,0.15000010491229004,0.15000010491228946,1.0,,0.0,0.0,,,,,,,,,,,,,,,,,,,
2700.0,38700.0,0.14999962118992846,0.1499996189934425,0.14999961899344277,1.0,,0.0,0.0,,,,,,,,,,,,,,,,,,,
2700.0,39600.0,0.15000156791900068,0.15000157386998764,0.15000157386999424,1.0,,0.0,0.0,,,,,,,,,,,,,,,,,,,
2700.0,40500.0,0.14999597147663063,0.14999594763155755,0.149995947631559,1.0,,0.0,0.0,,,,,,,,,,,,,,,,,,,
2700.0,41400.0,0.2682976459646131,0.26829688067230295,0.268296880672289,1.0,,0.0,0.0,,,,,,,,,,,,,,,,,,,
2700.0,42300.0,9.727628814238516e-07,9.727628215112436e-07,9.727628215112028e-07,1.0,,0.0,0.0,,,,,,,,,,,,,,,,,,,
3600.0,0.0,0.14169524574474596,0.14176516103991066,0.1416952455369136,,"('base_power_profile', 0.0        1.416952e-01
900.0      1.500043e-01
1800.0     1.499983e-01
2700.0     1.500004e-01
3600.0     1.499999e-01
4500.0     1.500000e-01
5400.0     1.500000e-01
6300.0     1.500000e-01
7200.0     1.500000e-01
8100.0     1.500000e-01
9000.0     1.500000e-01
9900.0     1.500000e-01
10800.0    1.500000e-01
11700.0    1.500000e-01
12600.0    1.500000e-01
13500.0    1.500000e-01
14400.0    1.500000e-01
15300.0    1.500000e-01
16200.0    1.500000e-01
17100.0    1.500000e-01
18000.0    1.500000e-01
18900.0    1.500000e-01
19800.0    1.500000e-01
20700.0    1.500000e-01
21600.0    1.500000e-01
22500.0    1.500000e-01
23400.0    1.500000e-01
24300.0    1.500000e-01
25200.0    1.500000e-01
26100.0    1.500000e-01
27000.0    1.500000e-01
27900.0    1.500000e-01
28800.0    1.500000e-01
29700.0    1.500000e-01
30600.0    1.500000e-01
31500.0    1.500000e-01
32400.0    1.500000e-01
33300.0    1.500000e-01
34200.0    1.500000e-01
35100.0    1.500000e-01
36000.0    1.500000e-01
36900.0    1.500000e-01
37800.0    1.500001e-01
38700.0    1.499996e-01
39600.0    1.500016e-01
40500.0    1.499960e-01
41400.0    2.682976e-01
42300.0    9.727623e-07
Name: P_el, dtype: float64)",0.0,0.0,,,-0.060565370617196024,-0.013716706888934532,0.21217410973856635,0.15000013119322145,0.03189596550575905,0.03578522890669545,0.06379193101151809,0.07157045781339091,0.00018702658801105632,7.839788776257961e-05,0.002931822019579362,0.001095394526705281,900.0,900.0,7200.0,,48.0
3600.0,900.0,0.15000431436066622,0.14916996088237622,0.4044128506731086,,,0.0,-0.2544085363124424,,,,,,,,,,,,,,,,,,,
3600.0,1800.0,0.14999828864018358,0.2770931747366444,-1.1830909312125578e-07,,,0.12709488609646083,0.1499984069492767,0.12709488609646083,0.1499984069492767,,,,,,,,,,,,,,,,,
3600.0,2700.0,0.15000040436473186,0.1282301772734985,0.1501302636062958,,,-0.021770227091233357,0.0,-0.021770227091233357,0.0,,,,,,,,,,,,,,,,,
3600.0,3600.0,0.14999988792823798,0.1499763425328911,0.1499969704213896,1.0,,0.0,0.0,0.0,0.0,,,,,,,,,,,,,,,,,
3600.0,4500.0,0.15000002972822596,0.14999965345641425,0.14999983183734172,1.0,,0.0,0.0,0.0,0.0,,,,,,,,,,,,,,,,,
3600.0,5400.0,0.14999999201964848,0.15003859062613778,0.1500103406974312,1.0,,0.0,0.0,0.0,0.0,,,,,,,,,,,,,,,,,
3600.0,6300.0,0.15000000213545167,0.14823432805492628,0.14954707955322094,1.0,,-0.0017656740805253868,0.0,-0.0017656740805253868,0.0,,,,,,,,,,,,,,,,,
3600.0,7200.0,0.14999999942809095,0.08943462881089492,0.16371670631702548,1.0,,-0.060565370617196024,-0.013716706888934532,-0.060565370617196024,-0.013716706888934532,,,,,,,,,,,,,,,,,
3600.0,8100.0,0.1500000001531244,0.36217410989169074,-1.310400970577231e-07,1.0,,0.21217410973856635,0.15000013119322145,0.21217410973856635,0.15000013119322145,,,,,,,,,,,,,,,,,
3600.0,9000.0,0.14999999995899305,-1.1841928956557827e-07,0.2915607991480319,1.0,,-0.15000011837828262,-0.14156079918903886,,,,,,,,,,,,,,,,,,,
3600.0,9900.0,0.1500000000109788,0.045580500695233235,0.040626087314111464,1.0,,-0.10441949931574557,0.10937391269686733,,,,,,,,,,,,,,,,,,,
3600.0,10800.0,0.1499999999970669,0.1500043933669541,0.15000437532556687,1.0,,0.0,0.0,,,,,,,,,,,,,,,,,,,
3600.0,11700.0,0.1500000000007972,0.1499982434188611,0.14999824629332859,1.0,,0.0,0.0,,,,,,,,,,,,,,,,,,,
3600.0,12600.0,0.14999999999978492,0.1500004209284025,0.15000042004964054,1.0,,0.0,0.0,,,,,,,,,,,,,,,,,,,
3600.0,13500.0,0.1500000000000553,0.14999988374515877,0.14999988397207403,1.0,,0.0,0.0,,,,,,,,,,,,,,,,,,,
3600.0,14400.0,0.14999999999999358,0.15000003087460814,0.15000003081319618,1.0,,0.0,0.0,,,,,,,,,,,,,,,,,,,
3600.0,15300.0,0.1500000000000013,0.1499999917144596,0.14999999173084438,1.0,,0.0,0.0,,,,,,,,,,,,,,,,,,,
3600.0,16200.0,0.15000000000000757,0.15000000221730703,0.15000000221289295,1.0,,0.0,0.0,,,,,,,,,,,,,,,,,,,
3600.0,17100.0,0.1500000000000088,0.14999999940619327,0.14999999940735598,1.0,,0.0,0.0,,,,,,,,,,,,,,,,,,,
3600.0,18000.0,0.15000000000000768,0.15000000015900444,0.150000000158674,1.0,,0.0,0.0,,,,,,,,,,,,,,,,,,,
3600.0,18900.0,0.15000000000000796,0.14999999995742463,0.1499999999574987,1.0,,0.0,0.0,,,,,,,,,,,,,,,,,,,
3600.0,19800.0,0.15000000000000788,0.15000000001140462,0.15000000001135871,1.0,,0.0,0.0,,,,,,,,,,,,,,,,,,,
3600.0,20700.0,0.1500000000000079,0.14999999999694358,0.14999999999695,1.0,,0.0,0.0,,,,,,,,,,,,,,,,,,,
3600.0,21600.0,0.1500000000000079,0.1500000000008093,0.15000000000080496,1.0,,0.0,0.0,,,,,,,,,,,,,,,,,,,
3600.0,22500.0,0.15000000000000785,0.14999999999977476,0.14999999999976743,1.0,,0.0,0.0,,,,,,,,,,,,,,,,,,,
3600.0,23400.0,0.15000000000000796,0.15000000000005623,0.15000000000004798,1.0,,0.0,0.0,,,,,,,,,,,,,,,,,,,
3600.0,24300.0,0.15000000000000763,0.1499999999999948,0.14999999999997948,1.0,,0.0,0.0,,,,,,,,,,,,,,,,,,,
3600.0,25200.0,0.1500000000000089,0.15000000000000466,0.14999999999999913,1.0,,0.0,0.0,,,,,,,,,,,,,,,,,,,
3600.0,26100.0,0.15000000000000413,0.14999999999999963,0.14999999999999034,1.0,,0.0,0.0,,,,,,,,,,,,,,,,,,,
3600.0,27000.0,0.15000000000001712,0.150000000000012,0.14999999999999303,1.0,,0.0,0.0,,,,,,,,,,,,,,,,,,,
3600.0,27900.0,0.14999999999994168,0.1499999999999564,0.14999999999993707,1.0,,0.0,0.0,,,,,,,,,,,,,,,,,,,
3600.0,28800.0,0.1500000000001968,0.1500000000002074,0.1500000000001851,1.0,,0.0,0.0,,,,,,,,,,,,,,,,,,,
3600.0,29700.0,0.14999999999926916,0.14999999999926977,0.14999999999926267,1.0,,0.0,0.0,,,,,,,,,,,,,,,,,,,
3600.0,30600.0,0.15000000000275543,0.15000000000275782,0.15000000000272734,1.0,,0.0,0.0,,,,,,,,,,,,,,,,,,,
3600.0,31500.0,0.1499999999897545,0.14999999998971297,0.14999999998972058,1.0,,0.0,0.0,,,,,,,,,,,,,,,,,,,
3600.0,32400.0,0.15000000003830177,0.15000000003844965,0.15000000003832054,1.0,,0.0,0.0,,,,,,,,,,,,,,,,,,,
3600.0,33300.0,0.14999999985697648,0.14999999985643347,0.14999999985684537,1.0,,0.0,0.0,,,,,,,,,,,,,,,,,,,
3600.0,34200.0,0.15000000053415985,0.1500000005362182,0.1500000005345779,1.0,,0.0,0.0,,,,,,,,,,,,,,,,,,,
3600.0,35100.0,0.14999999800541836,0.14999999799774574,0.14999999800384203,1.0,,0.0,0.0,,,,,,,,,,,,,,,,,,,
3600.0,36000.0,0.15000000745290556,0.15000000748150594,0.15000000745869288,1.0,,0.0,0.0,,,,,,,,,,,,,,,,,,,
3600.0,36900.0,0.14999997222207176,0.14999997211553878,0.14999997220064348,1.0,,0.0,0.0,,,,,,,,,,,,,,,,,,,
3600.0,37800.0,0.1500001045145536,0.15000010491228993,0.15000010459415503,1.0,,0.0,0.0,,,,,,,,,,,,,,,,,,,
3600.0,38700.0,0.1499996204698329,0.14999961899344263,0.1499996201791709,1.0,,0.0,0.0,,,,,,,,,,,,,,,,,,,
3600.0,39600.0,0.1500015681820202,0.15000157386999424,0.15000156935642567,1.0,,0.0,0.0,,,,,,,,,,,,,,,,,,,
3600.0,40500.0,0.1499959723805508,0.14999594763155893,0.14999596724652434,1.0,,0.0,0.0,,,,,,,,,,,,,,,,,,,
3600.0,41400.0,0.26829762635703414,0.26829688067228896,0.26829733691644453,1.0,,0.0,0.0,,,,,,,,,,,,,,,,,,,
3600.0,42300.0,9.727623420602658e-07,9.727628215111987e-07,9.727628116018558e-07,1.0,,0.0,0.0,,,,,,,,,,,,,,,,,,,
4500.0,0.0,0.14960019288107163,0.14966989801006786,0.14958944348505512,,"('base_power_profile', 0.0        1.496002e-01
900.0      1.500042e-01
1800.0     1.499984e-01
2700.0     1.500004e-01
3600.0     1.499999e-01
4500.0     1.500000e-01
5400.0     1.500000e-01
6300.0     1.500000e-01
7200.0     1.500000e-01
8100.0     1.500000e-01
9000.0     1.500000e-01
9900.0     1.500000e-01
10800.0    1.500000e-01
11700.0    1.500000e-01
12600.0    1.500000e-01
13500.0    1.500000e-01
14400.0    1.500000e-01
15300.0    1.500000e-01
16200.0    1.500000e-01
17100.0    1.500000e-01
18000.0    1.500000e-01
18900.0    1.500000e-01
19800.0    1.500000e-01
20700.0    1.500000e-01
21600.0    1.500000e-01
22500.0    1.500000e-01
23400.0    1.500000e-01
24300.0    1.500000e-01
25200.0    1.500000e-01
26100.0    1.500000e-01
27000.0    1.500000e-01
27900.0    1.500000e-01
28800.0    1.500000e-01
29700.0    1.500000e-01
30600.0    1.500000e-01
31500.0    1.500000e-01
32400.0    1.500000e-01
33300.0    1.500000e-01
34200.0    1.500000e-01
35100.0    1.500000e-01
36000.0    1.500000e-01
36900.0    1.500000e-01
37800.0    1.500001e-01
38700.0    1.499996e-01
39600.0    1.500016e-01
40500.0    1.499960e-01
41400.0    2.682971e-01
42300.0    9.727628e-07
Name: P_el, dtype: float64)",0.0,0.0,,,-0.060565371029272036,-0.013716655646790088,0.21217411060596197,0.1500001311850443,0.031896014380908805,0.035785248240634344,0.06379202876181761,0.07157049648126869,0.00018712433790842026,8.094453542796531e-05,0.0029333498485695215,0.0011309763017942733,900.0,900.0,7200.0,,48.0
4500.0,900.0,0.15000415986649257,0.1491685469409326,0.40442244197090027,,,0.0,-0.2544182821044077,,,,,,,,,,,,,,,,,,,
4500.0,1800.0,0.14999839207772742,0.2770939358674591,-1.1830909312629745e-07,,,0.1270955437897317,0.14999851038682055,0.1270955437897317,0.14999851038682055,,,,,,,,,,,,,,,,,
4500.0,2700.0,0.15000038221301565,0.12822988678678418,0.1501303360166162,,,-0.021770495426231468,0.0,-0.021770495426231468,0.0,,,,,,,,,,,,,,,,,
4500.0,3600.0,0.149999893935861,0.14997633663472598,0.14999696813863891,,,0.0,0.0,0.0,0.0,,,,,,,,,,,,,,,,,
4500.0,4500.0,0.15000002813784852,0.1499996525633746,0.1499998313577837,1.0,,0.0,0.0,0.0,0.0,,,,,,,,,,,,,,,,,
4500.0,5400.0,0.14999999244661316,0.15003858909106876,0.15001034039474392,1.0,,0.0,0.0,0.0,0.0,,,,,,,,,,,,,,,,,
4500.0,6300.0,0.15000000202121253,0.14823432912829282,0.14954706142010654,1.0,,-0.0017656728929197063,0.0,-0.0017656728929197063,0.0,,,,,,,,,,,,,,,,,
4500.0,7200.0,0.14999999945869502,0.08943462842942299,0.1637166551054851,1.0,,-0.060565371029272036,-0.013716655646790088,-0.060565371029272036,-0.013716655646790088,,,,,,,,,,,,,,,,,
4500.0,8100.0,0.15000000014494724,0.3621741107509092,-1.3104009704633802e-07,1.0,,0.21217411060596197,0.1500001311850443,0.21217411060596197,0.1500001311850443,,,,,,,,,,,,,,,,,
4500.0,9000.0,0.14999999996119548,-1.1841928956557828e-07,0.291562623555155,1.0,,-0.15000011838048505,-0.14156262359395952,,,,,,,,,,,,,,,,,,,
4500.0,9900.0,0.15000000001038513,0.045580500695233395,0.04062485837880452,1.0,,-0.10441949931515174,0.1093751416315806,,,,,,,,,,,,,,,,,,,
4500.0,10800.0,0.14999999999722163,0.15000439336695348,0.15000439685859204,1.0,,0.0,0.0,,,,,,,,,,,,,,,,,,,
4500.0,11700.0,0.15000000000074254,0.14999824341886292,0.14999824142555152,1.0,,0.0,0.0,,,,,,,,,,,,,,,,,,,
4500.0,12600.0,0.14999999999979743,0.15000042092840146,0.15000042135897765,1.0,,0.0,0.0,,,,,,,,,,,,,,,,,,,
4500.0,13500.0,0.15000000000005664,0.14999988374515952,0.14999988362243846,1.0,,0.0,0.0,,,,,,,,,,,,,,,,,,,
4500.0,14400.0,0.1499999999999775,0.15000003087460778,0.15000003090691777,1.0,,0.0,0.0,,,,,,,,,,,,,,,,,,,
4500.0,15300.0,0.1500000000000016,0.1499999917144587,0.1499999917057656,1.0,,0.0,0.0,,,,,,,,,,,,,,,,,,,
4500.0,16200.0,0.15000000000000346,0.1500000022173073,0.15000000221962934,1.0,,0.0,0.0,,,,,,,,,,,,,,,,,,,
4500.0,17100.0,0.15000000000000108,0.1499999994061931,0.14999999940556125,1.0,,0.0,0.0,,,,,,,,,,,,,,,,,,,
4500.0,18000.0,0.1500000000000049,0.15000000015900486,0.15000000015917114,1.0,,0.0,0.0,,,,,,,,,,,,,,,,,,,
4500.0,18900.0,0.14999999999999106,0.14999999995742314,0.14999999995737806,1.0,,0.0,0.0,,,,,,,,,,,,,,,,,,,
4500.0,19800.0,0.15000000000000124,0.15000000001140057,0.1500000000114125,1.0,,0.0,0.0,,,,,,,,,,,,,,,,,,,
4500.0,20700.0,0.15000000000000277,0.14999999999694813,0.14999999999694655,1.0,,0.0,0.0,,,,,,,,,,,,,,,,,,,
4500.0,21600.0,0.1500000000000069,0.15000000000080807,0.1500000000008085,1.0,,0.0,0.0,,,,,,,,,,,,,,,,,,,
4500.0,22500.0,0.15000000000000557,0.1499999999997751,0.14999999999977498,1.0,,0.0,0.0,,,,,,,,,,,,,,,,,,,
4500.0,23400.0,0.14999999999999403,0.15000000000005614,0.15000000000005614,1.0,,0.0,0.0,,,,,,,,,,,,,,,,,,,
4500.0,24300.0,0.15000000000000596,0.14999999999999483,0.1499999999999948,1.0,,0.0,0.0,,,,,,,,,,,,,,,,,,,
4500.0,25200.0,0.150000000000013,0.15000000000000466,0.15000000000000466,1.0,,0.0,0.0,,,,,,,,,,,,,,,,,,,
4500.0,26100.0,0.14999999999999064,0.14999999999999963,0.14999999999999963,1.0,,0.0,0.0,,,,,,,,,,,,,,,,,,,
4500.0,27000.0,0.1500000000000215,0.150000000000012,0.150000000000012,1.0,,0.0,0.0,,,,,,,,,,,,,,,,,,,
4500.0,27900.0,0.14999999999994965,0.1499999999999564,0.1499999999999564,1.0,,0.0,0.0,,,,,,,,,,,,,,,,,,,
4500.0,28800.0,0.15000000000020153,0.1500000000002074,0.1500000000002074,1.0,,0.0,0.0,,,,,,,,,,,,,,,,,,,
4500.0,29700.0,0.14999999999925773,0.14999999999926977,0.14999999999926977,1.0,,0.0,0.0,,,,,,,,,,,,,,,,,,,
4500.0,30600.0,0.15000000000275818,0.15000000000275782,0.15000000000275782,1.0,,0.0,0.0,,,,,,,,,,,,,,,,,,,
4500.0,31500.0,0.14999999998972427,0.14999999998971297,0.14999999998971295,1.0,,0.0,0.0,,,,,,,,,,,,,,,,,,,
4500.0,32400.0,0.15000000003835712,0.15000000003844965,0.15000000003844965,1.0,,0.0,0.0,,,,,,,,,,,,,,,,,,,
4500.0,33300.0,0.14999999985670376,0.14999999985643347,0.14999999985643342,1.0,,0.0,0.0,,,,,,,,,,,,,,,,,,,
4500.0,34200.0,0.15000000053515763,0.1500000005362182,0.15000000053621845,1.0,,0.0,0.0,,,,,,,,,,,,,,,,,,,
4500.0,35100.0,0.1499999980017045,0.14999999799774574,0.14999999799774472,1.0,,0.0,0.0,,,,,,,,,,,,,,,,,,,
4500.0,36000.0,0.15000000746674536,0.15000000748150594,0.15000000748151,1.0,,0.0,0.0,,,,,,,,,,,,,,,,,,,
4500.0,36900.0,0.149999972170636,0.14999997211553878,0.14999997211554067,1.0,,0.0,0.0,,,,,,,,,,,,,,,,,,,
4500.0,37800.0,0.15000010470568859,0.15000010491228993,0.15000010491228946,1.0,,0.0,0.0,,,,,,,,,,,,,,,,,,,
4500.0,38700.0,0.14999961975616233,0.14999961899344263,0.14999961899344277,1.0,,0.0,0.0,,,,,,,,,,,,,,,,,,,
4500.0,39600.0,0.1500015708154764,0.15000157386999424,0.15000157386999424,1.0,,0.0,0.0,,,,,,,,,,,,,,,,,,,
4500.0,40500.0,0.14999596098154835,0.14999594763155893,0.149995947631559,1.0,,0.0,0.0,,,,,,,,,,,,,,,,,,,
4500.0,41400.0,0.2682970870116899,0.26829688067228896,0.268296880672289,1.0,,0.0,0.0,,,,,,,,,,,,,,,,,,,
4500.0,42300.0,9.727628100366823e-07,9.727628215111987e-07,9.727628215112028e-07,1.0,,0.0,0.0,,,,,,,,,,,,,,,,,,,
5400.0,0.0,0.15069034470792061,0.1506446245682409,0.15064766930570211,,"('base_power_profile', 0.0        1.506903e-01
900.0      1.494620e-01
1800.0     1.500042e-01
2700.0     1.499984e-01
3600.0     1.500004e-01
4500.0     1.499999e-01
5400.0     1.500000e-01
6300.0     1.500000e-01
7200.0     1.500000e-01
8100.0     1.500000e-01
9000.0     1.500000e-01
9900.0     1.500000e-01
10800.0    1.500000e-01
11700.0    1.500000e-01
12600.0    1.500000e-01
13500.0    1.500000e-01
14400.0    1.500000e-01
15300.0    1.500000e-01
16200.0    1.500000e-01
17100.0    1.500000e-01
18000.0    1.500000e-01
18900.0    1.500000e-01
19800.0    1.500000e-01
20700.0    1.500000e-01
21600.0    1.500000e-01
22500.0    1.500000e-01
23400.0    1.500000e-01
24300.0    1.500000e-01
25200.0    1.500000e-01
26100.0    1.500000e-01
27000.0    1.500000e-01
27900.0    1.500000e-01
28800.0    1.500000e-01
29700.0    1.500000e-01
30600.0    1.500000e-01
31500.0    1.500000e-01
32400.0    1.500000e-01
33300.0    1.500000e-01
34200.0    1.500000e-01
35100.0    1.500000e-01
36000.0    1.500000e-01
36900.0    1.500000e-01
37800.0    1.500001e-01
38700.0    1.499996e-01
39600.0    1.500016e-01
40500.0    1.499960e-01
41400.0    2.682972e-01
42300.0    9.727628e-07
Name: P_el, dtype: float64)",0.0,0.0,,,-0.060565372542753626,-0.013716652626174941,0.2121741108741274,0.15000432047475168,0.031914232757763596,0.03578597479121433,0.06382846551552718,0.07157194958242866,0.00022356105712236646,8.856961734147323e-05,0.003502529088185303,0.0012374906350632315,900.0,900.0,7200.0,,48.0
5400.0,900.0,0.14946198113425513,0.14859913840002978,0.4039165761089568,,,0.0,-0.2544545949747017,,,,,,,,,,,,,,,,,,,
5400.0,1800.0,0.15000420216565882,0.27733541736360295,-1.1830909285968036e-07,,,0.12733121519794413,0.15000432047475168,0.12733121519794413,0.15000432047475168,,,,,,,,,,,,,,,,,
5400.0,2700.0,0.14999835205317638,0.12813792575610627,0.15013033723163866,,,-0.021860426297070107,0.0,-0.021860426297070107,0.0,,,,,,,,,,,,,,,,,
5400.0,3600.0,0.15000039690524802,0.14997381789427885,0.14999696726165265,,,0.0,0.0,0.0,0.0,,,,,,,,,,,,,,,,,
5400.0,4500.0,0.1499998906089925,0.1499997101808923,0.1499998309311008,,,0.0,0.0,0.0,0.0,,,,,,,,,,,,,,,,,
5400.0,5400.0,0.15000002906534426,0.15003859104482914,0.15001034198928265,1.0,,0.0,0.0,0.0,0.0,,,,,,,,,,,,,,,,,
5400.0,6300.0,0.14999999220101945,0.14823432703088035,0.14954706033006715,1.0,,-0.0017656651701390969,0.0,-0.0017656651701390969,0.0,,,,,,,,,,,,,,,,,
5400.0,7200.0,0.1500000020871643,0.08943462954441067,0.16371665471333924,1.0,,-0.060565372542753626,-0.013716652626174941,-0.060565372542753626,-0.013716652626174941,,,,,,,,,,,,,,,,,
5400.0,8100.0,0.1499999994410408,0.3621741103151682,-1.3104009704633802e-07,1.0,,0.2121741108741274,0.15000013048113786,0.2121741108741274,0.15000013048113786,,,,,,,,,,,,,,,,,
5400.0,9000.0,0.15000000014966539,-1.1841928956557828e-07,0.291562623555155,1.0,,-0.15000011856895495,-0.1415626234054896,,,,,,,,,,,,,,,,,,,
5400.0,9900.0,0.14999999995991534,0.04558050069525104,0.04062485837880453,1.0,,-0.10441949926466429,0.10937514158111081,,,,,,,,,,,,,,,,,,,
5400.0,10800.0,0.15000000001073388,0.15000439336695232,0.15000439685859204,1.0,,0.0,0.0,,,,,,,,,,,,,,,,,,,
5400.0,11700.0,0.14999999999712788,0.14999824341886706,0.14999824142555152,1.0,,0.0,0.0,,,,,,,,,,,,,,,,,,,
5400.0,12600.0,0.15000000000075825,0.1500004209284036,0.15000042135897765,1.0,,0.0,0.0,,,,,,,,,,,,,,,,,,,
5400.0,13500.0,0.1499999999998022,0.1499998837451568,0.14999988362243846,1.0,,0.0,0.0,,,,,,,,,,,,,,,,,,,
5400.0,14400.0,0.15000000000005081,0.15000003087460834,0.15000003090691777,1.0,,0.0,0.0,,,,,,,,,,,,,,,,,,,
5400.0,15300.0,0.14999999999999308,0.14999999171445844,0.1499999917057656,1.0,,0.0,0.0,,,,,,,,,,,,,,,,,,,
5400.0,16200.0,0.1500000000000094,0.15000000221730797,0.15000000221962934,1.0,,0.0,0.0,,,,,,,,,,,,,,,,,,,
5400.0,17100.0,0.15000000000000163,0.1499999994061869,0.14999999940556125,1.0,,0.0,0.0,,,,,,,,,,,,,,,,,,,
5400.0,18000.0,0.1500000000000058,0.15000000015900375,0.15000000015917114,1.0,,0.0,0.0,,,,,,,,,,,,,,,,,,,
5400.0,18900.0,0.15000000000001176,0.14999999995742475,0.14999999995737806,1.0,,0.0,0.0,,,,,,,,,,,,,,,,,,,
5400.0,19800.0,0.15000000000000122,0.15000000001140482,0.1500000000114125,1.0,,0.0,0.0,,,,,,,,,,,,,,,,,,,
5400.0,20700.0,0.15000000000000174,0.14999999999694258,0.14999999999694655,1.0,,0.0,0.0,,,,,,,,,,,,,,,,,,,
5400.0,21600.0,0.15000000000000127,0.15000000000081334,0.1500000000008085,1.0,,0.0,0.0,,,,,,,,,,,,,,,,,,,
5400.0,22500.0,0.1500000000000027,0.14999999999977665,0.14999999999977498,1.0,,0.0,0.0,,,,,,,,,,,,,,,,,,,
5400.0,23400.0,0.14999999999999725,0.1500000000000557,0.15000000000005614,1.0,,0.0,0.0,,,,,,,,,,,,,,,,,,,
5400.0,24300.0,0.15000000000000074,0.14999999999999503,0.1499999999999948,1.0,,0.0,0.0,,,,,,,,,,,,,,,,,,,
5400.0,25200.0,0.14999999999999797,0.15000000000000435,0.15000000000000466,1.0,,0.0,0.0,,,,,,,,,,,,,,,,,,,
5400.0,26100.0,0.15000000000000357,0.1500000000000008,0.14999999999999963,1.0,,0.0,0.0,,,,,,,,,,,,,,,,,,,
5400.0,27000.0,0.1500000000000146,0.1500000000000075,0.150000000000012,1.0,,0.0,0.0,,,,,,,,,,,,,,,,,,,
5400.0,27900.0,0.14999999999995256,0.14999999999995628,0.1499999999999564,1.0,,0.0,0.0,,,,,,,,,,,,,,,,,,,
5400.0,28800.0,0.15000000000019947,0.15000000000020303,0.1500000000002074,1.0,,0.0,0.0,,,,,,,,,,,,,,,,,,,
5400.0,29700.0,0.1499999999992666,0.14999999999926034,0.14999999999926977,1.0,,0.0,0.0,,,,,,,,,,,,,,,,,,,
5400.0,30600.0,0.15000000000274166,0.15000000000276492,0.15000000000275782,1.0,,0.0,0.0,,,,,,,,,,,,,,,,,,,
5400.0,31500.0,0.14999999998974023,0.14999999998971203,0.14999999998971297,1.0,,0.0,0.0,,,,,,,,,,,,,,,,,,,
5400.0,32400.0,0.15000000003834563,0.15000000003845046,0.15000000003844965,1.0,,0.0,0.0,,,,,,,,,,,,,,,,,,,
5400.0,33300.0,0.14999999985679768,0.1499999998564273,0.14999999985643347,1.0,,0.0,0.0,,,,,,,,,,,,,,,,,,,
5400.0,34200.0,0.15000000053485332,0.15000000053621687,0.1500000005362182,1.0,,0.0,0.0,,,,,,,,,,,,,,,,,,,
5400.0,35100.0,0.14999999800288177,0.14999999799774888,0.14999999799774574,1.0,,0.0,0.0,,,,,,,,,,,,,,,,,,,
5400.0,36000.0,0.1500000074623073,0.15000000748150555,0.15000000748150594,1.0,,0.0,0.0,,,,,,,,,,,,,,,,,,,
5400.0,36900.0,0.14999997218717698,0.14999997211553812,0.14999997211553878,1.0,,0.0,0.0,,,,,,,,,,,,,,,,,,,
5400.0,37800.0,0.1500001046436454,0.1500001049122901,0.15000010491228993,1.0,,0.0,0.0,,,,,,,,,,,,,,,,,,,
5400.0,38700.0,0.14999961998574907,0.1499996189934426,0.14999961899344263,1.0,,0.0,0.0,,,,,,,,,,,,,,,,,,,
5400.0,39600.0,0.15000156989644586,0.1500015738699943,0.15000157386999424,1.0,,0.0,0.0,,,,,,,,,,,,,,,,,,,
5400.0,40500.0,0.1499959650430665,0.14999594763155893,0.14999594763155893,1.0,,0.0,0.0,,,,,,,,,,,,,,,,,,,
5400.0,41400.0,0.268297227849212,0.2682968806722926,0.26829688067228896,1.0,,0.0,0.0,,,,,,,,,,,,,,,,,,,
5400.0,42300.0,9.727628088033921e-07,9.72762821511214e-07,9.727628215112008e-07,1.0,,0.0,0.0,,,,,,,,,,,,,,,,,,,
6300.0,0.0,0.14948419894374632,0.14955418030806844,0.14948428972252892,,"('base_power_profile', 0.0        1.494842e-01
900.0      1.500042e-01
1800.0     1.499984e-01
2700.0     1.500004e-01
3600.0     1.499999e-01
4500.0     1.500000e-01
5400.0     1.500000e-01
6300.0     1.500000e-01
7200.0     1.500000e-01
8100.0     1.500000e-01
9000.0     1.500000e-01
9900.0     1.500000e-01
10800.0    1.500000e-01
11700.0    1.500000e-01
12600.0    1.500000e-01
13500.0    1.500000e-01
14400.0    1.500000e-01
15300.0    1.500000e-01
16200.0    1.500000e-01
17100.0    1.500000e-01
18000.0    1.500000e-01
18900.0    1.500000e-01
19800.0    1.500000e-01
20700.0    1.500000e-01
21600.0    1.500000e-01
22500.0    1.500000e-01
23400.0    1.500000e-01
24300.0    1.500000e-01
25200.0    1.500000e-01
26100.0    1.500000e-01
27000.0    1.500000e-01
27900.0    1.500000e-01
28800.0    1.500000e-01
29700.0    1.500000e-01
30600.0    1.500000e-01
31500.0    1.500000e-01
32400.0    1.500000e-01
33300.0    1.500000e-01
34200.0    1.500000e-01
35100.0    1.500000e-01
36000.0    1.500000e-01
36900.0    1.500000e-01
37800.0    1.500001e-01
38700.0    1.499996e-01
39600.0    1.500016e-01
40500.0    1.499960e-01
41400.0    2.682971e-01
42300.0    9.727628e-07
Name: P_el, dtype: float64)",0.0,0.0,,,-0.06056537166127621,-0.013716654722334493,0.21217410975861598,0.15000013118771408,0.03189603305227163,0.03578524487009023,0.06379206610454326,0.07157048974018046,0.00018716168076609446,7.823403951105756e-05,0.002933933515484065,0.00109310471110464,900.0,900.0,7200.0,,48.0
6300.0,900.0,0.15000419949748503,0.14916815557849633,0.4044116126533613,,,0.0,-0.2544074131558762,,,,,,,,,,,,,,,,,,,
6300.0,1800.0,0.14999836418624912,0.2770941496693978,-1.1830909312059261e-07,,,0.1270957854831487,0.14999848249534226,0.1270957854831487,0.14999848249534226,,,,,,,,,,,,,,,,,
6300.0,2700.0,0.1500003896754778,0.12822980318286886,0.15013033603678444,,,-0.021770586492608934,0.0,-0.021770586492608934,0.0,,,,,,,,,,,,,,,,,
6300.0,3600.0,0.14999989200525515,0.1499763319728421,0.14999696878568292,,,0.0,0.0,0.0,0.0,,,,,,,,,,,,,,,,,
6300.0,4500.0,0.1500000286581512,0.1499996546836998,0.1499998313948755,,,0.0,0.0,0.0,0.0,,,,,,,,,,,,,,,,,
6300.0,5400.0,0.14999999230755234,0.15003859105631037,0.15001033921239604,,,0.0,0.0,0.0,0.0,,,,,,,,,,,,,,,,,
6300.0,6300.0,0.15000000205845576,0.14823432938874925,0.14954706283314528,1.0,,-0.0017656726697065084,0.0,-0.0017656726697065084,0.0,,,,,,,,,,,,,,,,,
6300.0,7200.0,0.14999999944870848,0.08943462778743227,0.16371665417104297,1.0,,-0.06056537166127621,-0.013716654722334493,-0.06056537166127621,-0.013716654722334493,,,,,,,,,,,,,,,,,
6300.0,8100.0,0.15000000014761702,0.362174109906233,-1.3104009704633802e-07,1.0,,0.21217410975861598,0.15000013118771408,0.21217410975861598,0.15000013118771408,,,,,,,,,,,,,,,,,
6300.0,9000.0,0.14999999996048774,-1.1841928956557827e-07,0.291562623555155,1.0,,-0.1500001183797773,-0.14156262359466726,,,,,,,,,,,,,,,,,,,
6300.0,9900.0,0.15000000001058195,0.04558050069525061,0.04062485837880453,1.0,,-0.10441949931533134,0.10937514163177742,,,,,,,,,,,,,,,,,,,
6300.0,10800.0,0.1499999999971695,0.1500043933669541,0.15000439685859204,1.0,,0.0,0.0,,,,,,,,,,,,,,,,,,,
6300.0,11700.0,0.1500000000007732,0.1499982434188611,0.14999824142555152,1.0,,0.0,0.0,,,,,,,,,,,,,,,,,,,
6300.0,12600.0,0.14999999999980157,0.1500004209284025,0.15000042135897765,1.0,,0.0,0.0,,,,,,,,,,,,,,,,,,,
6300.0,13500.0,0.15000000000006014,0.14999988374515877,0.14999988362243846,1.0,,0.0,0.0,,,,,,,,,,,,,,,,,,,
6300.0,14400.0,0.14999999999998692,0.15000003087460814,0.15000003090691777,1.0,,0.0,0.0,,,,,,,,,,,,,,,,,,,
6300.0,15300.0,0.14999999999999053,0.1499999917144596,0.1499999917057656,1.0,,0.0,0.0,,,,,,,,,,,,,,,,,,,
6300.0,16200.0,0.1499999999999892,0.15000000221730703,0.15000000221962934,1.0,,0.0,0.0,,,,,,,,,,,,,,,,,,,
6300.0,17100.0,0.15000000000000252,0.14999999940619327,0.14999999940556125,1.0,,0.0,0.0,,,,,,,,,,,,,,,,,,,
6300.0,18000.0,0.14999999999999936,0.15000000015900444,0.15000000015917114,1.0,,0.0,0.0,,,,,,,,,,,,,,,,,,,
6300.0,18900.0,0.1500000000000002,0.14999999995742463,0.14999999995737806,1.0,,0.0,0.0,,,,,,,,,,,,,,,,,,,
6300.0,19800.0,0.14999999999999997,0.15000000001140462,0.1500000000114125,1.0,,0.0,0.0,,,,,,,,,,,,,,,,,,,
6300.0,20700.0,0.15000000000000002,0.14999999999694358,0.14999999999694655,1.0,,0.0,0.0,,,,,,,,,,,,,,,,,,,
6300.0,21600.0,0.15000000000000002,0.1500000000008093,0.1500000000008085,1.0,,0.0,0.0,,,,,,,,,,,,,,,,,,,
6300.0,22500.0,0.14999999999999994,0.14999999999977476,0.14999999999977498,1.0,,0.0,0.0,,,,,,,,,,,,,,,,,,,
6300.0,23400.0,0.1500000000000002,0.15000000000005623,0.15000000000005617,1.0,,0.0,0.0,,,,,,,,,,,,,,,,,,,
6300.0,24300.0,0.1499999999999993,0.1499999999999948,0.1499999999999948,1.0,,0.0,0.0,,,,,,,,,,,,,,,,,,,
6300.0,25200.0,0.15000000000000335,0.15000000000000466,0.1500000000000046,1.0,,0.0,0.0,,,,,,,,,,,,,,,,,,,
6300.0,26100.0,0.1499999999999953,0.14999999999999963,0.14999999999999986,1.0,,0.0,0.0,,,,,,,,,,,,,,,,,,,
6300.0,27000.0,0.15000000000001684,0.150000000000012,0.15000000000001124,1.0,,0.0,0.0,,,,,,,,,,,,,,,,,,,
6300.0,27900.0,0.14999999999994965,0.1499999999999564,0.1499999999999563,1.0,,0.0,0.0,,,,,,,,,,,,,,,,,,,
6300.0,28800.0,0.15000000000020647,0.1500000000002074,0.1500000000002082,1.0,,0.0,0.0,,,,,,,,,,,,,,,,,,,
6300.0,29700.0,0.14999999999925667,0.14999999999926977,0.14999999999926955,1.0,,0.0,0.0,,,,,,,,,,,,,,,,,,,
6300.0,30600.0,0.15000000000273828,0.15000000000275782,0.15000000000275787,1.0,,0.0,0.0,,,,,,,,,,,,,,,,,,,
6300.0,31500.0,0.1499999999897278,0.14999999998971297,0.14999999998971295,1.0,,0.0,0.0,,,,,,,,,,,,,,,,,,,
6300.0,32400.0,0.1500000000383827,0.15000000003844965,0.15000000003844965,1.0,,0.0,0.0,,,,,,,,,,,,,,,,,,,
6300.0,33300.0,0.14999999985670953,0.14999999985643347,0.14999999985643353,1.0,,0.0,0.0,,,,,,,,,,,,,,,,,,,
6300.0,34200.0,0.15000000053516221,0.1500000005362182,0.15000000053621793,1.0,,0.0,0.0,,,,,,,,,,,,,,,,,,,
6300.0,35100.0,0.149999998001674,0.14999999799774574,0.14999999799774666,1.0,,0.0,0.0,,,,,,,,,,,,,,,,,,,
6300.0,36000.0,0.15000000746687114,0.15000000748150594,0.1500000074815053,1.0,,0.0,0.0,,,,,,,,,,,,,,,,,,,
6300.0,36900.0,0.14999997217018568,0.14999997211553878,0.14999997211553162,1.0,,0.0,0.0,,,,,,,,,,,,,,,,,,,
6300.0,37800.0,0.150000104707397,0.15000010491228993,0.15000010491229085,1.0,,0.0,0.0,,,,,,,,,,,,,,,,,,,
6300.0,38700.0,0.14999961974987103,0.14999961899344263,0.14999961899344239,1.0,,0.0,0.0,,,,,,,,,,,,,,,,,,,
6300.0,39600.0,0.15000157084099067,0.15000157386999424,0.15000157386999435,1.0,,0.0,0.0,,,,,,,,,,,,,,,,,,,
6300.0,40500.0,0.14999596086944228,0.14999594763155893,0.14999594763155893,1.0,,0.0,0.0,,,,,,,,,,,,,,,,,,,
6300.0,41400.0,0.2682970835541,0.268296880672289,0.26829688067228896,1.0,,0.0,0.0,,,,,,,,,,,,,,,,,,,
6300.0,42300.0,9.727628101118056e-07,9.727628215112021e-07,9.727628215112e-07,1.0,,0.0,0.0,,,,,,,,,,,,,,,,,,,
7200.0,0.0,0.14997578023887076,0.1500453075708031,0.14987945381959322,,"('base_power_profile', 0.0        1.499758e-01
900.0      1.500023e-01
1800.0     1.499994e-01
2700.0     1.500002e-01
3600.0     1.500000e-01
4500.0     1.500000e-01
5400.0     1.500000e-01
6300.0     1.500000e-01
7200.0     1.500000e-01
8100.0     1.500000e-01
9000.0     1.500000e-01
9900.0     1.500000e-01
10800.0    1.500000e-01
11700.0    1.500000e-01
12600.0    1.500000e-01
13500.0    1.500000e-01
14400.0    1.500000e-01
15300.0    1.500000e-01
16200.0    1.500000e-01
17100.0    1.500000e-01
18000.0    1.500000e-01
18900.0    1.500000e-01
19800.0    1.500000e-01
20700.0    1.500000e-01
21600.0    1.500000e-01
22500.0    1.500000e-01
23400.0    1.500000e-01
24300.0    1.500000e-01
25200.0    1.500000e-01
26100.0    1.500000e-01
27000.0    1.500000e-01
27900.0    1.500000e-01
28800.0    1.500000e-01
29700.0    1.500000e-01
30600.0    1.500000e-01
31500.0    1.500000e-01
32400.0    1.500000e-01
33300.0    1.500000e-01
34200.0    1.500000e-01
35100.0    1.500000e-01
36000.0    1.500000e-01
36900.0    1.500000e-01
37800.0    1.500001e-01
38700.0    1.499996e-01
39600.0    1.500016e-01
40500.0    1.499960e-01
41400.0    2.682976e-01
42300.0    9.727629e-07
Name: P_el, dtype: float64)",0.0,0.0,,,-0.06056537029276329,-0.013716656256457405,0.21217411029920996,0.1500001310988926,0.03189590954528743,0.035785372121766336,0.06379181909057487,0.07157074424353266,0.0001869146624433604,0.00010256498962121774,0.0029300726191546517,0.0014330574692952953,900.0,900.0,7200.0,,48.0
7200.0,900.0,0.15000225147824064,0.14916875940343965,0.4045080064653837,,,0.0,-0.25450575498714306,,,,,,,,,,,,,,,,,,,
7200.0,1800.0,0.1499993838226023,0.27709382440568897,-1.1830909317137729e-07,,,0.12709444058308667,0.14999950213169547,0.12709444058308667,0.14999950213169547,,,,,,,,,,,,,,,,,
7200.0,2700.0,0.15000016098229307,0.12822992956953513,0.15013033624495523,,,-0.02177023141275794,0.0,-0.02177023141275794,0.0,,,,,,,,,,,,,,,,,
7200.0,3600.0,0.14999995728325816,0.14997633571595398,0.14999696766033016,,,0.0,0.0,0.0,0.0,,,,,,,,,,,,,,,,,
7200.0,4500.0,0.1500000114386922,0.14999965279047106,0.14999983176384535,,,0.0,0.0,0.0,0.0,,,,,,,,,,,,,,,,,
7200.0,5400.0,0.14999999693753754,0.150038589215723,0.15001034015523984,,,0.0,0.0,0.0,0.0,,,,,,,,,,,,,,,,,
7200.0,6300.0,0.15000000082005321,0.1482343280055773,0.14954706056810835,,,-0.001765672814475927,0.0,-0.001765672814475927,0.0,,,,,,,,,,,,,,,,,
7200.0,7200.0,0.14999999978042633,0.08943462948766304,0.16371665603688373,1.0,,-0.06056537029276329,-0.013716656256457405,-0.06056537029276329,-0.013716656256457405,,,,,,,,,,,,,,,,,
7200.0,8100.0,0.15000000005879555,0.3621741103580055,-1.3104009704633802e-07,1.0,,0.21217411029920996,0.1500001310988926,0.21217411029920996,0.1500001310988926,,,,,,,,,,,,,,,,,
7200.0,9000.0,0.14999999998426303,-1.1841928956557828e-07,0.291562623555155,1.0,,-0.1500001184035526,-0.14156262357089197,,,,,,,,,,,,,,,,,,,
7200.0,9900.0,0.15000000000422403,0.0455805006952506,0.040624858378804536,1.0,,-0.10441949930897343,0.1093751416254195,,,,,,,,,,,,,,,,,,,
7200.0,10800.0,0.14999999999888236,0.1500043933669541,0.15000439685859202,1.0,,0.0,0.0,,,,,,,,,,,,,,,,,,,
7200.0,11700.0,0.15000000000030178,0.1499982434188611,0.14999824142555163,1.0,,0.0,0.0,,,,,,,,,,,,,,,,,,,
7200.0,12600.0,0.14999999999991206,0.1500004209284025,0.1500004213589773,1.0,,0.0,0.0,,,,,,,,,,,,,,,,,,,
7200.0,13500.0,0.15000000000003066,0.14999988374515813,0.1499998836224397,1.0,,0.0,0.0,,,,,,,,,,,,,,,,,,,
7200.0,14400.0,0.1499999999999863,0.15000003087460795,0.15000003090691233,1.0,,0.0,0.0,,,,,,,,,,,,,,,,,,,
7200.0,15300.0,0.14999999999999514,0.14999999171445866,0.14999999170576822,1.0,,0.0,0.0,,,,,,,,,,,,,,,,,,,
7200.0,16200.0,0.14999999999999494,0.1500000022173073,0.1500000022196296,1.0,,0.0,0.0,,,,,,,,,,,,,,,,,,,
7200.0,17100.0,0.14999999999999336,0.1499999994061931,0.14999999940556116,1.0,,0.0,0.0,,,,,,,,,,,,,,,,,,,
7200.0,18000.0,0.1499999999999938,0.15000000015900483,0.15000000015917114,1.0,,0.0,0.0,,,,,,,,,,,,,,,,,,,
7200.0,18900.0,0.14999999999999367,0.14999999995742314,0.14999999995737806,1.0,,0.0,0.0,,,,,,,,,,,,,,,,,,,
7200.0,19800.0,0.1499999999999937,0.15000000001140057,0.1500000000114125,1.0,,0.0,0.0,,,,,,,,,,,,,,,,,,,
7200.0,20700.0,0.1499999999999937,0.14999999999694813,0.14999999999694655,1.0,,0.0,0.0,,,,,,,,,,,,,,,,,,,
7200.0,21600.0,0.1499999999999937,0.15000000000080807,0.1500000000008085,1.0,,0.0,0.0,,,,,,,,,,,,,,,,,,,
7200.0,22500.0,0.1499999999999937,0.1499999999997751,0.14999999999977498,1.0,,0.0,0.0,,,,,,,,,,,,,,,,,,,
7200.0,23400.0,0.1499999999999937,0.15000000000005614,0.15000000000005617,1.0,,0.0,0.0,,,,,,,,,,,,,,,,,,,
7200.0,24300.0,0.1499999999999937,0.14999999999999483,0.1499999999999948,1.0,,0.0,0.0,,,,,,,,,,,,,,,,,,,
7200.0,25200.0,0.14999999999999372,0.15000000000000466,0.15000000000000463,1.0,,0.0,0.0,,,,,,,,,,,,,,,,,,,
7200.0,26100.0,0.14999999999999,0.14999999999999963,0.14999999999999986,1.0,,0.0,0.0,,,,,,,,,,,,,,,,,,,
7200.0,27000.0,0.1500000000000149,0.150000000000012,0.15000000000001124,1.0,,0.0,0.0,,,,,,,,,,,,,,,,,,,
7200.0,27900.0,0.14999999999994623,0.1499999999999564,0.14999999999995633,1.0,,0.0,0.0,,,,,,,,,,,,,,,,,,,
7200.0,28800.0,0.1500000000002007,0.1500000000002074,0.1500000000002082,1.0,,0.0,0.0,,,,,,,,,,,,,,,,,,,
7200.0,29700.0,0.14999999999926716,0.14999999999926977,0.14999999999926955,1.0,,0.0,0.0,,,,,,,,,,,,,,,,,,,
7200.0,30600.0,0.15000000000273345,0.15000000000275782,0.15000000000275787,1.0,,0.0,0.0,,,,,,,,,,,,,,,,,,,
7200.0,31500.0,0.14999999998975627,0.14999999998971295,0.14999999998971295,1.0,,0.0,0.0,,,,,,,,,,,,,,,,,,,
7200.0,32400.0,0.15000000003830138,0.15000000003844968,0.15000000003844965,1.0,,0.0,0.0,,,,,,,,,,,,,,,,,,,
7200.0,33300.0,0.14999999985693385,0.1499999998564334,0.14999999985643353,1.0,,0.0,0.0,,,,,,,,,,,,,,,,,,,
7200.0,34200.0,0.15000000053429335,0.15000000053621854,0.15000000053621793,1.0,,0.0,0.0,,,,,,,,,,,,,,,,,,,
7200.0,35100.0,0.14999999800500075,0.14999999799774438,0.14999999799774666,1.0,,0.0,0.0,,,,,,,,,,,,,,,,,,,
7200.0,36000.0,0.15000000745445743,0.15000000748151132,0.1500000074815053,1.0,,0.0,0.0,,,,,,,,,,,,,,,,,,,
7200.0,36900.0,0.14999997221657013,0.14999997211554084,0.14999997211553162,1.0,,0.0,0.0,,,,,,,,,,,,,,,,,,,
7200.0,37800.0,0.1500001045340894,0.15000010491228866,0.15000010491229085,1.0,,0.0,0.0,,,,,,,,,,,,,,,,,,,
7200.0,38700.0,0.14999962040269266,0.14999961899344222,0.14999961899344244,1.0,,0.0,0.0,,,,,,,,,,,,,,,,,,,
7200.0,39600.0,0.15000156837531758,0.1500015738699944,0.15000157386999435,1.0,,0.0,0.0,,,,,,,,,,,,,,,,,,,
7200.0,40500.0,0.14999597205366677,0.14999594763155893,0.1499959476315589,1.0,,0.0,0.0,,,,,,,,,,,,,,,,,,,
7200.0,41400.0,0.2682976144701271,0.26829688067229274,0.26829688067228896,1.0,,0.0,0.0,,,,,,,,,,,,,,,,,,,
7200.0,42300.0,9.727628814316645e-07,9.72762821511216e-07,9.727628215112017e-07,1.0,,0.0,0.0,,,,,,,,,,,,,,,,,,,
8100.0,0.0,0.1500359225444448,0.15010595531035215,0.14994018535575981,,"('base_power_profile', 0.0        1.500359e-01
900.0      1.499734e-01
1800.0     1.500029e-01
2700.0     1.499989e-01
3600.0     1.500003e-01
4500.0     1.499999e-01
5400.0     1.500000e-01
6300.0     1.500000e-01
7200.0     1.500000e-01
8100.0     1.500000e-01
9000.0     1.500000e-01
9900.0     1.500000e-01
10800.0    1.500000e-01
11700.0    1.500000e-01
12600.0    1.500000e-01
13500.0    1.500000e-01
14400.0    1.500000e-01
15300.0    1.500000e-01
16200.0    1.500000e-01
17100.0    1.500000e-01
18000.0    1.500000e-01
18900.0    1.500000e-01
19800.0    1.500000e-01
20700.0    1.500000e-01
21600.0    1.500000e-01
22500.0    1.500000e-01
23400.0    1.500000e-01
24300.0    1.500000e-01
25200.0    1.500000e-01
26100.0    1.500000e-01
27000.0    1.500000e-01
27900.0    1.500000e-01
28800.0    1.500000e-01
29700.0    1.500000e-01
30600.0    1.500000e-01
31500.0    1.500000e-01
32400.0    1.500000e-01
33300.0    1.500000e-01
34200.0    1.500000e-01
35100.0    1.500000e-01
36000.0    1.500000e-01
36900.0    1.500000e-01
37800.0    1.500001e-01
38700.0    1.499996e-01
39600.0    1.500016e-01
40500.0    1.499960e-01
41400.0    2.682976e-01
42300.0    9.727629e-07
Name: P_el, dtype: float64)",0.0,0.0,,,-0.0605653729016567,-0.013716653287858316,0.21217411089609262,0.15000299384574903,0.03189730366798153,0.03578580890230676,0.06379460733596307,0.07157161780461352,0.00018970288634358878,0.00010213498469445123,0.002973650818862352,0.0014270319412546183,900.0,900.0,7200.0,,48.0
8100.0,900.0,0.14997342579781436,0.14912862496281767,0.40448095509550835,,,0.0,-0.254507529297694,,,,,,,,,,,,,,,,,,,
8100.0,1800.0,0.15000287553665587,0.27711542466373873,-1.1830909315712567e-07,,,0.12711254912708286,0.15000299384574903,0.12711254912708286,0.15000299384574903,,,,,,,,,,,,,,,,,
8100.0,2700.0,0.14999890615561887,0.12822171334355895,0.15013033662349437,,,-0.02177719281205992,0.0,-0.02177719281205992,0.0,,,,,,,,,,,,,,,,,
8100.0,3600.0,0.1500002708688294,0.1499761123108081,0.14999696637539378,,,0.0,0.0,0.0,0.0,,,,,,,,,,,,,,,,,
8100.0,4500.0,0.1499999258341731,0.1499996580555198,0.14999983251914484,,,0.0,0.0,0.0,0.0,,,,,,,,,,,,,,,,,
8100.0,5400.0,0.15000001974310226,0.15003858929722605,0.1500103426915582,,,0.0,0.0,0.0,0.0,,,,,,,,,,,,,,,,,
8100.0,6300.0,0.14999999470504752,0.1482343297394409,0.1495470595159612,,,-0.0017656649656066226,0.0,-0.0017656649656066226,0.0,,,,,,,,,,,,,,,,,
8100.0,7200.0,0.1500000014172253,0.0894346285155686,0.16371665470508362,,,-0.0605653729016567,-0.013716653287858316,-0.0605653729016567,-0.013716653287858316,,,,,,,,,,,,,,,,,
8100.0,8100.0,0.14999999962046634,0.36217411051655896,-1.3104009704633802e-07,1.0,,0.21217411089609262,0.1500001306605634,0.21217411089609262,0.1500001306605634,,,,,,,,,,,,,,,,,
8100.0,9000.0,0.15000000010162542,-1.1841928956557828e-07,0.291562623555155,1.0,,-0.150000118520915,-0.14156262345352957,,,,,,,,,,,,,,,,,,,
8100.0,9900.0,0.14999999997279628,0.045580500695233395,0.04062485837880464,1.0,,-0.10441949927756289,0.10937514159399164,,,,,,,,,,,,,,,,,,,
8100.0,10800.0,0.15000000000728175,0.15000439336695348,0.1500043968585915,1.0,,0.0,0.0,,,,,,,,,,,,,,,,,,,
8100.0,11700.0,0.1499999999980533,0.14999824341886292,0.14999824142555318,1.0,,0.0,0.0,,,,,,,,,,,,,,,,,,,
8100.0,12600.0,0.15000000000051747,0.15000042092840138,0.15000042135897118,1.0,,0.0,0.0,,,,,,,,,,,,,,,,,,,
8100.0,13500.0,0.14999999999986635,0.14999988374515985,0.14999988362243596,1.0,,0.0,0.0,,,,,,,,,,,,,,,,,,,
8100.0,14400.0,0.15000000000002833,0.1500000308746065,0.1500000309069133,1.0,,0.0,0.0,,,,,,,,,,,,,,,,,,,
8100.0,15300.0,0.14999999999997327,0.14999999171447048,0.14999999170576794,1.0,,0.0,0.0,,,,,,,,,,,,,,,,,,,
8100.0,16200.0,0.1499999999999965,0.1500000022173102,0.15000000221962967,1.0,,0.0,0.0,,,,,,,,,,,,,,,,,,,
8100.0,17100.0,0.1500000000000035,0.14999999940618614,0.14999999940556114,1.0,,0.0,0.0,,,,,,,,,,,,,,,,,,,
8100.0,18000.0,0.15000000000000324,0.1500000001590046,0.1500000001591712,1.0,,0.0,0.0,,,,,,,,,,,,,,,,,,,
8100.0,18900.0,0.1500000000000041,0.1499999999574222,0.14999999995737806,1.0,,0.0,0.0,,,,,,,,,,,,,,,,,,,
8100.0,19800.0,0.1500000000000029,0.150000000011409,0.1500000000114125,1.0,,0.0,0.0,,,,,,,,,,,,,,,,,,,
8100.0,20700.0,0.15000000000000324,0.1499999999969485,0.14999999999694655,1.0,,0.0,0.0,,,,,,,,,,,,,,,,,,,
8100.0,21600.0,0.15000000000000308,0.150000000000808,0.1500000000008085,1.0,,0.0,0.0,,,,,,,,,,,,,,,,,,,
8100.0,22500.0,0.15000000000000346,0.1499999999997751,0.14999999999977498,1.0,,0.0,0.0,,,,,,,,,,,,,,,,,,,
8100.0,23400.0,0.15000000000000205,0.15000000000005612,0.15000000000005614,1.0,,0.0,0.0,,,,,,,,,,,,,,,,,,,
8100.0,24300.0,0.15000000000000752,0.1499999999999949,0.1499999999999948,1.0,,0.0,0.0,,,,,,,,,,,,,,,,,,,
8100.0,25200.0,0.1500000000000039,0.15000000000000438,0.15000000000000466,1.0,,0.0,0.0,,,,,,,,,,,,,,,,,,,
8100.0,26100.0,0.15000000000000205,0.15000000000000063,0.14999999999999963,1.0,,0.0,0.0,,,,,,,,,,,,,,,,,,,
8100.0,27000.0,0.15000000000001731,0.15000000000000796,0.150000000000012,1.0,,0.0,0.0,,,,,,,,,,,,,,,,,,,
8100.0,27900.0,0.14999999999995722,0.1499999999999545,0.1499999999999564,1.0,,0.0,0.0,,,,,,,,,,,,,,,,,,,
8100.0,28800.0,0.1500000000002128,0.1500000000002079,0.1500000000002074,1.0,,0.0,0.0,,,,,,,,,,,,,,,,,,,
8100.0,29700.0,0.14999999999925684,0.14999999999926966,0.14999999999926977,1.0,,0.0,0.0,,,,,,,,,,,,,,,,,,,
8100.0,30600.0,0.15000000000274488,0.15000000000275787,0.15000000000275782,1.0,,0.0,0.0,,,,,,,,,,,,,,,,,,,
8100.0,31500.0,0.1499999999897408,0.14999999998971295,0.14999999998971286,1.0,,0.0,0.0,,,,,,,,,,,,,,,,,,,
8100.0,32400.0,0.15000000003833147,0.15000000003844965,0.15000000003844988,1.0,,0.0,0.0,,,,,,,,,,,,,,,,,,,
8100.0,33300.0,0.14999999985693135,0.14999999985643353,0.14999999985643273,1.0,,0.0,0.0,,,,,,,,,,,,,,,,,,,
8100.0,34200.0,0.15000000053432316,0.15000000053621798,0.1500000005362122,1.0,,0.0,0.0,,,,,,,,,,,,,,,,,,,
8100.0,35100.0,0.14999999800484617,0.1499999979977465,0.14999999799774505,1.0,,0.0,0.0,,,,,,,,,,,,,,,,,,,
8100.0,36000.0,0.15000000745503184,0.150000007481506,0.15000000748151116,1.0,,0.0,0.0,,,,,,,,,,,,,,,,,,,
8100.0,36900.0,0.14999997221438388,0.14999997211553795,0.1499999721155409,1.0,,0.0,0.0,,,,,,,,,,,,,,,,,,,
8100.0,37800.0,0.15000010454152157,0.15000010491229027,0.15000010491228866,1.0,,0.0,0.0,,,,,,,,,,,,,,,,,,,
8100.0,38700.0,0.14999962036311354,0.14999961899343559,0.1499996189934422,1.0,,0.0,0.0,,,,,,,,,,,,,,,,,,,
8100.0,39600.0,0.15000156840194792,0.15000157386999505,0.1500015738699944,1.0,,0.0,0.0,,,,,,,,,,,,,,,,,,,
8100.0,40500.0,0.1499959717182961,0.1499959476315587,0.14999594763155893,1.0,,0.0,0.0,,,,,,,,,,,,,,,,,,,
8100.0,41400.0,0.2682975782026018,0.26829688067229274,0.26829688067229274,1.0,,0.0,0.0,,,,,,,,,,,,,,,,,,,
8100.0,42300.0,9.727628665770982e-07,9.72762821511216e-07,9.72762821511216e-07,1.0,,0.0,0.0,,,,,,,,,,,,,,,,,,,
9000.0,0.0,0.1499747119428484,0.15004425928921328,0.1498780383525097,,"('base_power_profile', 0.0        1.499747e-01
900.0      1.500023e-01
1800.0     1.499994e-01
2700.0     1.500002e-01
3600.0     1.500000e-01
4500.0     1.500000e-01
5400.0     1.500000e-01
6300.0     1.500000e-01
7200.0     1.500000e-01
8100.0     1.500000e-01
9000.0     1.500000e-01
9900.0     1.500000e-01
10800.0    1.500000e-01
11700.0    1.500000e-01
12600.0    1.500000e-01
13500.0    1.500000e-01
14400.0    1.500000e-01
15300.0    1.500000e-01
16200.0    1.500000e-01
17100.0    1.500000e-01
18000.0    1.500000e-01
18900.0    1.500000e-01
19800.0    1.500000e-01
20700.0    1.500000e-01
21600.0    1.500000e-01
22500.0    1.500000e-01
23400.0    1.500000e-01
24300.0    1.500000e-01
25200.0    1.500000e-01
26100.0    1.500000e-01
27000.0    1.500000e-01
27900.0    1.500000e-01
28800.0    1.500000e-01
29700.0    1.500000e-01
30600.0    1.500000e-01
31500.0    1.500000e-01
32400.0    1.500000e-01
33300.0    1.500000e-01
34200.0    1.500000e-01
35100.0    1.500000e-01
36000.0    1.500000e-01
36900.0    1.500000e-01
37800.0    1.500001e-01
38700.0    1.499996e-01
39600.0    1.500016e-01
40500.0    1.499960e-01
41400.0    2.682976e-01
42300.0    9.727629e-07
Name: P_el, dtype: float64)",0.0,0.0,,,-0.060565370619332676,-0.01371665544096437,0.21217411011054418,0.15000013110048424,0.03189591005531728,0.03578536986288551,0.06379182011063456,0.07157073972577102,0.00018691568257998142,0.00010265252331420269,0.002930088563954005,0.0014342805971759409,900.0,900.0,7200.0,,48.0
9000.0,900.0,0.15000230210698848,0.14916878239159415,0.40450838915753173,,,0.0,-0.25450608705054323,,,,,,,,,,,,,,,,,,,
9000.0,1800.0,0.14999936493447108,0.27709381176503023,-1.183090931715789e-07,,,0.12709444683055915,0.14999948324356424,0.12709444683055915,0.14999948324356424,,,,,,,,,,,,,,,,,
9000.0,2700.0,0.15000016495044832,0.12822993172946084,0.15013033511761537,,,-0.021770233220987478,0.0,-0.021770233220987478,0.0,,,,,,,,,,,,,,,,,
9000.0,3600.0,0.14999995611027517,0.1499763379818949,0.14999697032138004,,,0.0,0.0,0.0,0.0,,,,,,,,,,,,,,,,,
9000.0,4500.0,0.15000001174544345,0.14999965297463658,0.14999982937253592,,,0.0,0.0,0.0,0.0,,,,,,,,,,,,,,,,,
9000.0,5400.0,0.14999999685486715,0.1500385900460195,0.1500103399721639,,,0.0,0.0,0.0,0.0,,,,,,,,,,,,,,,,,
9000.0,6300.0,0.15000000084214715,0.1482343281839022,0.14954706243020735,,,-0.0017656726582449545,0.0,-0.0017656726582449545,0.0,,,,,,,,,,,,,,,,,
9000.0,7200.0,0.14999999977449877,0.08943462915516609,0.16371665521546314,,,-0.060565370619332676,-0.01371665544096437,-0.060565370619332676,-0.01371665544096437,,,,,,,,,,,,,,,,,
9000.0,8100.0,0.1500000000603872,0.3621741101709314,-1.3104009704633802e-07,,,0.21217411011054418,0.15000013110048424,0.21217411011054418,0.15000013110048424,,,,,,,,,,,,,,,,,
9000.0,9000.0,0.14999999998384178,-1.1841928956557828e-07,0.291562623555155,1.0,,-0.15000011840313135,-0.14156262357131322,,,,,,,,,,,,,,,,,,,
9000.0,9900.0,0.15000000000432018,0.04558050069523323,0.040624858378804626,1.0,,-0.10441949930908695,0.10937514162551555,,,,,,,,,,,,,,,,,,,
9000.0,10800.0,0.1499999999988519,0.1500043933669541,0.15000439685859157,1.0,,0.0,0.0,,,,,,,,,,,,,,,,,,,
9000.0,11700.0,0.15000000000031377,0.1499982434188611,0.14999824142555288,1.0,,0.0,0.0,,,,,,,,,,,,,,,,,,,
9000.0,12600.0,0.1499999999999102,0.1500004209284025,0.15000042135897224,1.0,,0.0,0.0,,,,,,,,,,,,,,,,,,,
9000.0,13500.0,0.15000000000002567,0.14999988374515813,0.14999988362243194,1.0,,0.0,0.0,,,,,,,,,,,,,,,,,,,
9000.0,14400.0,0.14999999999999883,0.15000003087460795,0.15000003090691144,1.0,,0.0,0.0,,,,,,,,,,,,,,,,,,,
9000.0,15300.0,0.150000000000004,0.14999999171445866,0.14999999170576847,1.0,,0.0,0.0,,,,,,,,,,,,,,,,,,,
9000.0,16200.0,0.15000000000000782,0.1500000022173073,0.15000000221962953,1.0,,0.0,0.0,,,,,,,,,,,,,,,,,,,
9000.0,17100.0,0.1500000000000022,0.1499999994061931,0.1499999994055612,1.0,,0.0,0.0,,,,,,,,,,,,,,,,,,,
9000.0,18000.0,0.15000000000000158,0.15000000015900483,0.15000000015917114,1.0,,0.0,0.0,,,,,,,,,,,,,,,,,,,
9000.0,18900.0,0.1500000000000147,0.14999999995742314,0.14999999995737806,1.0,,0.0,0.0,,,,,,,,,,,,,,,,,,,
9000.0,19800.0,0.14999999999999847,0.15000000001140057,0.1500000000114125,1.0,,0.0,0.0,,,,,,,,,,,,,,,,,,,
9000.0,20700.0,0.14999999999999641,0.14999999999694813,0.14999999999694655,1.0,,0.0,0.0,,,,,,,,,,,,,,,,,,,
9000.0,21600.0,0.14999999999999697,0.15000000000080807,0.1500000000008085,1.0,,0.0,0.0,,,,,,,,,,,,,,,,,,,
9000.0,22500.0,0.14999999999999675,0.1499999999997751,0.14999999999977498,1.0,,0.0,0.0,,,,,,,,,,,,,,,,,,,
9000.0,23400.0,0.14999999999999708,0.15000000000005614,0.15000000000005614,1.0,,0.0,0.0,,,,,,,,,,,,,,,,,,,
9000.0,24300.0,0.14999999999999603,0.14999999999999483,0.1499999999999949,1.0,,0.0,0.0,,,,,,,,,,,,,,,,,,,
9000.0,25200.0,0.15000000000000066,0.15000000000000466,0.15000000000000438,1.0,,0.0,0.0,,,,,,,,,,,,,,,,,,,
9000.0,26100.0,0.14999999999999047,0.14999999999999963,0.15000000000000063,1.0,,0.0,0.0,,,,,,,,,,,,,,,,,,,
9000.0,27000.0,0.15000000000002686,0.150000000000012,0.15000000000000796,1.0,,0.0,0.0,,,,,,,,,,,,,,,,,,,
9000.0,27900.0,0.1499999999999448,0.1499999999999564,0.1499999999999545,1.0,,0.0,0.0,,,,,,,,,,,,,,,,,,,
9000.0,28800.0,0.1500000000002084,0.1500000000002074,0.1500000000002079,1.0,,0.0,0.0,,,,,,,,,,,,,,,,,,,
9000.0,29700.0,0.14999999999927266,0.14999999999926977,0.14999999999926966,1.0,,0.0,0.0,,,,,,,,,,,,,,,,,,,
9000.0,30600.0,0.1500000000027511,0.15000000000275782,0.15000000000275787,1.0,,0.0,0.0,,,,,,,,,,,,,,,,,,,
9000.0,31500.0,0.14999999998974467,0.14999999998971295,0.14999999998971292,1.0,,0.0,0.0,,,,,,,,,,,,,,,,,,,
9000.0,32400.0,0.15000000003830632,0.15000000003844968,0.15000000003844965,1.0,,0.0,0.0,,,,,,,,,,,,,,,,,,,
9000.0,33300.0,0.14999999985695522,0.1499999998564334,0.14999999985643342,1.0,,0.0,0.0,,,,,,,,,,,,,,,,,,,
9000.0,34200.0,0.15000000053428944,0.15000000053621854,0.15000000053621845,1.0,,0.0,0.0,,,,,,,,,,,,,,,,,,,
9000.0,35100.0,0.1499999980049953,0.14999999799774438,0.14999999799774472,1.0,,0.0,0.0,,,,,,,,,,,,,,,,,,,
9000.0,36000.0,0.15000000745444864,0.15000000748151132,0.15000000748151,1.0,,0.0,0.0,,,,,,,,,,,,,,,,,,,
9000.0,36900.0,0.1499999722165717,0.14999997211554084,0.14999997211554067,1.0,,0.0,0.0,,,,,,,,,,,,,,,,,,,
9000.0,37800.0,0.15000010453406432,0.15000010491228866,0.15000010491228946,1.0,,0.0,0.0,,,,,,,,,,,,,,,,,,,
9000.0,38700.0,0.14999962040280534,0.14999961899344222,0.14999961899344277,1.0,,0.0,0.0,,,,,,,,,,,,,,,,,,,
9000.0,39600.0,0.15000156837554174,0.1500015738699944,0.15000157386999424,1.0,,0.0,0.0,,,,,,,,,,,,,,,,,,,
9000.0,40500.0,0.14999597205521142,0.14999594763155893,0.149995947631559,1.0,,0.0,0.0,,,,,,,,,,,,,,,,,,,
9000.0,41400.0,0.2682976146537842,0.26829688067229274,0.268296880672289,1.0,,0.0,0.0,,,,,,,,,,,,,,,,,,,
9000.0,42300.0,9.727628815245874e-07,9.72762821511215e-07,9.727628215112021e-07,1.0,,0.0,0.0,,,,,,,,,,,,,,,,,,,
